[    4949ms] [INFO] %cDownload the React DevTools for a better development experience: https://react.dev/link/react-devtools font-weight:bold @ https://localhost:5173/node_modules/.vite/deps/react-dom_client.js?v=6298bc30:22164
[    5134ms] [WARNING] THREE.Clock: This module has been deprecated. Please use THREE.Timer instead. @ https://localhost:5173/node_modules/.vite/deps/chunk-HDEMVUAG.js?v=6298bc30:301
[    5295ms] [WARNING] THREE.Clock: This module has been deprecated. Please use THREE.Timer instead. @ https://localhost:5173/node_modules/.vite/deps/chunk-HDEMVUAG.js?v=6298bc30:301
[  463088ms] [LOG] [vite] server connection lost. Polling for restart... @ https://localhost:5173/@vite/client:963
[  463094ms] [ERROR] WebSocket connection to 'wss://localhost:5173/' failed: Error in connection establishment: net::ERR_CONNECTION_REFUSED @ https://localhost:5173/@vite/client:1034
[  464096ms] [ERROR] WebSocket connection to 'wss://localhost:5173/' failed: Error in connection establishment: net::ERR_CONNECTION_REFUSED @ https://localhost:5173/@vite/client:1034
[  465101ms] [ERROR] WebSocket connection to 'wss://localhost:5173/' failed: Error in connection establishment: net::ERR_CONNECTION_REFUSED @ https://localhost:5173/@vite/client:1034
[  466104ms] [ERROR] WebSocket connection to 'wss://localhost:5173/' failed: Error in connection establishment: net::ERR_CONNECTION_REFUSED @ https://localhost:5173/@vite/client:1034
[  467110ms] [ERROR] WebSocket connection to 'wss://localhost:5173/' failed: Error in connection establishment: net::ERR_CONNECTION_REFUSED @ https://localhost:5173/@vite/client:1034
[  468119ms] [ERROR] WebSocket connection to 'wss://localhost:5173/' failed: Error in connection establishment: net::ERR_CONNECTION_REFUSED @ https://localhost:5173/@vite/client:1034
[  469132ms] [ERROR] WebSocket connection to 'wss://localhost:5173/' failed: Error in connection establishment: net::ERR_CONNECTION_REFUSED @ https://localhost:5173/@vite/client:1034
[  470148ms] [ERROR] WebSocket connection to 'wss://localhost:5173/' failed: Error in connection establishment: net::ERR_CONNECTION_REFUSED @ https://localhost:5173/@vite/client:1034
[  471162ms] [ERROR] WebSocket connection to 'wss://localhost:5173/' failed: Error in connection establishment: net::ERR_CONNECTION_REFUSED @ https://localhost:5173/@vite/client:1034
[  472200ms] [ERROR] WebSocket connection to 'wss://localhost:5173/' failed: Error in connection establishment: net::ERR_CONNECTION_REFUSED @ https://localhost:5173/@vite/client:1034
[  473351ms] [ERROR] WebSocket connection to 'wss://localhost:5173/' failed: Error in connection establishment: net::ERR_CONNECTION_REFUSED @ https://localhost:5173/@vite/client:1034
[  474562ms] [ERROR] WebSocket connection to 'wss://localhost:5173/' failed: Error in connection establishment: net::ERR_CONNECTION_REFUSED @ https://localhost:5173/@vite/client:1034
[  475875ms] [ERROR] WebSocket connection to 'wss://localhost:5173/' failed: Error in connection establishment: net::ERR_CONNECTION_REFUSED @ https://localhost:5173/@vite/client:1034
[  477946ms] [ERROR] WebSocket connection to 'wss://localhost:5173/' failed: Error in connection establishment: net::ERR_CONNECTION_REFUSED @ https://localhost:5173/@vite/client:1034
[  481131ms] [ERROR] WebSocket connection to 'wss://localhost:5173/' failed: Error in connection establishment: net::ERR_CONNECTION_REFUSED @ https://localhost:5173/@vite/client:1034
[  486404ms] [INFO] %cDownload the React DevTools for a better development experience: https://react.dev/link/react-devtools font-weight:bold @ https://localhost:5173/node_modules/.vite/deps/react-dom_client.js?v=6298bc30:22164
[  486478ms] [WARNING] THREE.Clock: This module has been deprecated. Please use THREE.Timer instead. @ https://localhost:5173/node_modules/.vite/deps/chunk-HDEMVUAG.js?v=6298bc30:301
[  486744ms] [WARNING] THREE.Clock: This module has been deprecated. Please use THREE.Timer instead. @ https://localhost:5173/node_modules/.vite/deps/chunk-HDEMVUAG.js?v=6298bc30:301
[ 1174456ms] [LOG] [vite] server connection lost. Polling for restart... @ https://localhost:5173/@vite/client:963
[ 1174459ms] [ERROR] WebSocket connection to 'wss://localhost:5173/' failed: Error in connection establishment: net::ERR_CONNECTION_REFUSED @ https://localhost:5173/@vite/client:1034
[ 1175465ms] [ERROR] WebSocket connection to 'wss://localhost:5173/' failed: Error in connection establishment: net::ERR_CONNECTION_REFUSED @ https://localhost:5173/@vite/client:1034
[ 1176470ms] [ERROR] WebSocket connection to 'wss://localhost:5173/' failed: Error in connection establishment: net::ERR_CONNECTION_REFUSED @ https://localhost:5173/@vite/client:1034
[ 1177475ms] [ERROR] WebSocket connection to 'wss://localhost:5173/' failed: Error in connection establishment: net::ERR_CONNECTION_REFUSED @ https://localhost:5173/@vite/client:1034
[ 1178491ms] [ERROR] WebSocket connection to 'wss://localhost:5173/' failed: Error in connection establishment: net::ERR_CONNECTION_REFUSED @ https://localhost:5173/@vite/client:1034
[ 1179500ms] [ERROR] WebSocket connection to 'wss://localhost:5173/' failed: Error in connection establishment: net::ERR_CONNECTION_REFUSED @ https://localhost:5173/@vite/client:1034
[ 1180515ms] [ERROR] WebSocket connection to 'wss://localhost:5173/' failed: Error in connection establishment: net::ERR_CONNECTION_REFUSED @ https://localhost:5173/@vite/client:1034
[ 1181524ms] [ERROR] WebSocket connection to 'wss://localhost:5173/' failed: Error in connection establishment: net::ERR_CONNECTION_REFUSED @ https://localhost:5173/@vite/client:1034
[ 1182565ms] [ERROR] WebSocket connection to 'wss://localhost:5173/' failed: Error in connection establishment: net::ERR_CONNECTION_REFUSED @ https://localhost:5173/@vite/client:1034
[ 1183601ms] [ERROR] WebSocket connection to 'wss://localhost:5173/' failed: Error in connection establishment: net::ERR_CONNECTION_REFUSED @ https://localhost:5173/@vite/client:1034
[ 1184737ms] [ERROR] WebSocket connection to 'wss://localhost:5173/' failed: Error in connection establishment: net::ERR_CONNECTION_REFUSED @ https://localhost:5173/@vite/client:1034
[ 1185833ms] [ERROR] WebSocket connection to 'wss://localhost:5173/' failed: Error in connection establishment: net::ERR_CONNECTION_REFUSED @ https://localhost:5173/@vite/client:1034
[ 1187365ms] [ERROR] WebSocket connection to 'wss://localhost:5173/' failed: Error in connection establishment: net::ERR_CONNECTION_REFUSED @ https://localhost:5173/@vite/client:1034
[ 1188727ms] [ERROR] WebSocket connection to 'wss://localhost:5173/' failed: Error in connection establishment: net::ERR_CONNECTION_REFUSED @ https://localhost:5173/@vite/client:1034
[ 1191456ms] [ERROR] WebSocket connection to 'wss://localhost:5173/' failed: Error in connection establishment: net::ERR_CONNECTION_REFUSED @ https://localhost:5173/@vite/client:1034
[ 1194772ms] [ERROR] WebSocket connection to 'wss://localhost:5173/' failed: Error in connection establishment: net::ERR_CONNECTION_REFUSED @ https://localhost:5173/@vite/client:1034
[ 1200151ms] [ERROR] WebSocket connection to 'wss://localhost:5173/' failed: Error in connection establishment: net::ERR_CONNECTION_REFUSED @ https://localhost:5173/@vite/client:1034
[ 1205545ms] [ERROR] WebSocket connection to 'wss://localhost:5173/' failed: Error in connection establishment: net::ERR_CONNECTION_REFUSED @ https://localhost:5173/@vite/client:1034
[ 1211314ms] [ERROR] WebSocket connection to 'wss://localhost:5173/' failed: Error in connection establishment: net::ERR_CONNECTION_REFUSED @ https://localhost:5173/@vite/client:1034
[ 1213991ms] [ERROR] WebSocket connection to 'wss://localhost:5173/' failed: Error in connection establishment: net::ERR_CONNECTION_REFUSED @ https://localhost:5173/@vite/client:1034
[ 1217286ms] [ERROR] WebSocket connection to 'wss://localhost:5173/' failed: Error in connection establishment: net::ERR_CONNECTION_REFUSED @ https://localhost:5173/@vite/client:1034
[ 1220036ms] [ERROR] WebSocket connection to 'wss://localhost:5173/' failed: Error in connection establishment: net::ERR_CONNECTION_REFUSED @ https://localhost:5173/@vite/client:1034
[ 1225807ms] [ERROR] WebSocket connection to 'wss://localhost:5173/' failed: Error in connection establishment: net::ERR_CONNECTION_REFUSED @ https://localhost:5173/@vite/client:1034
[ 1231034ms] [ERROR] WebSocket connection to 'wss://localhost:5173/' failed: Error in connection establishment: net::ERR_CONNECTION_REFUSED @ https://localhost:5173/@vite/client:1034
[ 1233139ms] [ERROR] WebSocket connection to 'wss://localhost:5173/' failed: Error in connection establishment: net::ERR_CONNECTION_REFUSED @ https://localhost:5173/@vite/client:1034
[ 1235994ms] [ERROR] WebSocket connection to 'wss://localhost:5173/' failed: Error in connection establishment: net::ERR_CONNECTION_REFUSED @ https://localhost:5173/@vite/client:1034
[ 1240505ms] [ERROR] WebSocket connection to 'wss://localhost:5173/' failed: Error in connection establishment: net::ERR_CONNECTION_REFUSED @ https://localhost:5173/@vite/client:1034
[ 1245421ms] [ERROR] WebSocket connection to 'wss://localhost:5173/' failed: Error in connection establishment: net::ERR_CONNECTION_REFUSED @ https://localhost:5173/@vite/client:1034
[ 1249992ms] [ERROR] WebSocket connection to 'wss://localhost:5173/' failed: Error in connection establishment: net::ERR_CONNECTION_REFUSED @ https://localhost:5173/@vite/client:1034
[ 1254818ms] [ERROR] WebSocket connection to 'wss://localhost:5173/' failed: Error in connection establishment: net::ERR_CONNECTION_REFUSED @ https://localhost:5173/@vite/client:1034
[ 1256856ms] [ERROR] WebSocket connection to 'wss://localhost:5173/' failed: Error in connection establishment: net::ERR_CONNECTION_REFUSED @ https://localhost:5173/@vite/client:1034
[ 1261254ms] [ERROR] WebSocket connection to 'wss://localhost:5173/' failed: Error in connection establishment: net::ERR_CONNECTION_REFUSED @ https://localhost:5173/@vite/client:1034
[ 1266226ms] [ERROR] WebSocket connection to 'wss://localhost:5173/' failed: Error in connection establishment: net::ERR_CONNECTION_REFUSED @ https://localhost:5173/@vite/client:1034
[ 1271866ms] [ERROR] WebSocket connection to 'wss://localhost:5173/' failed: Error in connection establishment: net::ERR_CONNECTION_REFUSED @ https://localhost:5173/@vite/client:1034
[ 1276377ms] [ERROR] WebSocket connection to 'wss://localhost:5173/' failed: Error in connection establishment: net::ERR_CONNECTION_REFUSED @ https://localhost:5173/@vite/client:1034
[ 1281959ms] [ERROR] WebSocket connection to 'wss://localhost:5173/' failed: Error in connection establishment: net::ERR_CONNECTION_REFUSED @ https://localhost:5173/@vite/client:1034
[ 1284488ms] [ERROR] WebSocket connection to 'wss://localhost:5173/' failed: Error in connection establishment: net::ERR_CONNECTION_REFUSED @ https://localhost:5173/@vite/client:1034
[ 1287490ms] [ERROR] WebSocket connection to 'wss://localhost:5173/' failed: Error in connection establishment: net::ERR_CONNECTION_REFUSED @ https://localhost:5173/@vite/client:1034
[ 1290543ms] [ERROR] WebSocket connection to 'wss://localhost:5173/' failed: Error in connection establishment: net::ERR_CONNECTION_REFUSED @ https://localhost:5173/@vite/client:1034
[ 1292739ms] [ERROR] WebSocket connection to 'wss://localhost:5173/' failed: Error in connection establishment: net::ERR_CONNECTION_REFUSED @ https://localhost:5173/@vite/client:1034
[ 1296824ms] [ERROR] WebSocket connection to 'wss://localhost:5173/' failed: Error in connection establishment: net::ERR_CONNECTION_REFUSED @ https://localhost:5173/@vite/client:1034
[ 1302400ms] [ERROR] WebSocket connection to 'wss://localhost:5173/' failed: Error in connection establishment: net::ERR_CONNECTION_REFUSED @ https://localhost:5173/@vite/client:1034
[ 1308142ms] [ERROR] WebSocket connection to 'wss://localhost:5173/' failed: Error in connection establishment: net::ERR_CONNECTION_REFUSED @ https://localhost:5173/@vite/client:1034
[ 1313386ms] [ERROR] WebSocket connection to 'wss://localhost:5173/' failed: Error in connection establishment: net::ERR_CONNECTION_REFUSED @ https://localhost:5173/@vite/client:1034
[ 1317916ms] [ERROR] WebSocket connection to 'wss://localhost:5173/' failed: Error in connection establishment: net::ERR_CONNECTION_REFUSED @ https://localhost:5173/@vite/client:1034
[ 1321026ms] [ERROR] WebSocket connection to 'wss://localhost:5173/' failed: Error in connection establishment: net::ERR_CONNECTION_REFUSED @ https://localhost:5173/@vite/client:1034
[ 1323521ms] [ERROR] WebSocket connection to 'wss://localhost:5173/' failed: Error in connection establishment: net::ERR_CONNECTION_REFUSED @ https://localhost:5173/@vite/client:1034
[ 1329009ms] [ERROR] WebSocket connection to 'wss://localhost:5173/' failed: Error in connection establishment: net::ERR_CONNECTION_REFUSED @ https://localhost:5173/@vite/client:1034
[ 1333922ms] [ERROR] WebSocket connection to 'wss://localhost:5173/' failed: Error in connection establishment: net::ERR_CONNECTION_REFUSED @ https://localhost:5173/@vite/client:1034
[ 1338986ms] [ERROR] WebSocket connection to 'wss://localhost:5173/' failed: Error in connection establishment: net::ERR_CONNECTION_REFUSED @ https://localhost:5173/@vite/client:1034
[ 1342219ms] [ERROR] WebSocket connection to 'wss://localhost:5173/' failed: Error in connection establishment: net::ERR_CONNECTION_REFUSED @ https://localhost:5173/@vite/client:1034
[ 1346189ms] [ERROR] WebSocket connection to 'wss://localhost:5173/' failed: Error in connection establishment: net::ERR_CONNECTION_REFUSED @ https://localhost:5173/@vite/client:1034
[ 1348714ms] [ERROR] WebSocket connection to 'wss://localhost:5173/' failed: Error in connection establishment: net::ERR_CONNECTION_REFUSED @ https://localhost:5173/@vite/client:1034
[ 1351896ms] [ERROR] WebSocket connection to 'wss://localhost:5173/' failed: Error in connection establishment: net::ERR_CONNECTION_REFUSED @ https://localhost:5173/@vite/client:1034
[ 1356473ms] [ERROR] WebSocket connection to 'wss://localhost:5173/' failed: Error in connection establishment: net::ERR_CONNECTION_REFUSED @ https://localhost:5173/@vite/client:1034
[ 1359653ms] [ERROR] WebSocket connection to 'wss://localhost:5173/' failed: Error in connection establishment: net::ERR_CONNECTION_REFUSED @ https://localhost:5173/@vite/client:1034
[ 1364265ms] [ERROR] WebSocket connection to 'wss://localhost:5173/' failed: Error in connection establishment: net::ERR_CONNECTION_REFUSED @ https://localhost:5173/@vite/client:1034
[ 1368466ms] [ERROR] WebSocket connection to 'wss://localhost:5173/' failed: Error in connection establishment: net::ERR_CONNECTION_REFUSED @ https://localhost:5173/@vite/client:1034
[ 1372378ms] [ERROR] WebSocket connection to 'wss://localhost:5173/' failed: Error in connection establishment: net::ERR_CONNECTION_REFUSED @ https://localhost:5173/@vite/client:1034
[ 1376164ms] [ERROR] WebSocket connection to 'wss://localhost:5173/' failed: Error in connection establishment: net::ERR_CONNECTION_REFUSED @ https://localhost:5173/@vite/client:1034
[ 1379527ms] [ERROR] WebSocket connection to 'wss://localhost:5173/' failed: Error in connection establishment: net::ERR_CONNECTION_REFUSED @ https://localhost:5173/@vite/client:1034
[ 1383659ms] [ERROR] WebSocket connection to 'wss://localhost:5173/' failed: Error in connection establishment: net::ERR_CONNECTION_REFUSED @ https://localhost:5173/@vite/client:1034
[ 1387349ms] [ERROR] WebSocket connection to 'wss://localhost:5173/' failed: Error in connection establishment: net::ERR_CONNECTION_REFUSED @ https://localhost:5173/@vite/client:1034
[ 1390635ms] [ERROR] WebSocket connection to 'wss://localhost:5173/' failed: Error in connection establishment: net::ERR_CONNECTION_REFUSED @ https://localhost:5173/@vite/client:1034
[ 1395174ms] [ERROR] WebSocket connection to 'wss://localhost:5173/' failed: Error in connection establishment: net::ERR_CONNECTION_REFUSED @ https://localhost:5173/@vite/client:1034
[ 1398767ms] [ERROR] WebSocket connection to 'wss://localhost:5173/' failed: Error in connection establishment: net::ERR_CONNECTION_REFUSED @ https://localhost:5173/@vite/client:1034
[ 1401283ms] [ERROR] WebSocket connection to 'wss://localhost:5173/' failed: Error in connection establishment: net::ERR_CONNECTION_REFUSED @ https://localhost:5173/@vite/client:1034
[ 1404286ms] [ERROR] WebSocket connection to 'wss://localhost:5173/' failed: Error in connection establishment: net::ERR_CONNECTION_REFUSED @ https://localhost:5173/@vite/client:1034
[ 1406680ms] [ERROR] WebSocket connection to 'wss://localhost:5173/' failed: Error in connection establishment: net::ERR_CONNECTION_REFUSED @ https://localhost:5173/@vite/client:1034
[ 1411015ms] [ERROR] WebSocket connection to 'wss://localhost:5173/' failed: Error in connection establishment: net::ERR_CONNECTION_REFUSED @ https://localhost:5173/@vite/client:1034
[ 1415273ms] [ERROR] WebSocket connection to 'wss://localhost:5173/' failed: Error in connection establishment: net::ERR_CONNECTION_REFUSED @ https://localhost:5173/@vite/client:1034
[ 1419427ms] [ERROR] WebSocket connection to 'wss://localhost:5173/' failed: Error in connection establishment: net::ERR_CONNECTION_REFUSED @ https://localhost:5173/@vite/client:1034
[ 1422753ms] [ERROR] WebSocket connection to 'wss://localhost:5173/' failed: Error in connection establishment: net::ERR_CONNECTION_REFUSED @ https://localhost:5173/@vite/client:1034
[ 1426152ms] [ERROR] WebSocket connection to 'wss://localhost:5173/' failed: Error in connection establishment: net::ERR_CONNECTION_REFUSED @ https://localhost:5173/@vite/client:1034
[ 1432110ms] [ERROR] WebSocket connection to 'wss://localhost:5173/' failed: Error in connection establishment: net::ERR_CONNECTION_REFUSED @ https://localhost:5173/@vite/client:1034
[ 1435319ms] [ERROR] WebSocket connection to 'wss://localhost:5173/' failed: Error in connection establishment: net::ERR_CONNECTION_REFUSED @ https://localhost:5173/@vite/client:1034
[ 1438914ms] [ERROR] WebSocket connection to 'wss://localhost:5173/' failed: Error in connection establishment: net::ERR_CONNECTION_REFUSED @ https://localhost:5173/@vite/client:1034
[ 1443994ms] [ERROR] WebSocket connection to 'wss://localhost:5173/' failed: Error in connection establishment: net::ERR_CONNECTION_REFUSED @ https://localhost:5173/@vite/client:1034
[ 1449748ms] [ERROR] WebSocket connection to 'wss://localhost:5173/' failed: Error in connection establishment: net::ERR_CONNECTION_REFUSED @ https://localhost:5173/@vite/client:1034
[ 1453552ms] [ERROR] WebSocket connection to 'wss://localhost:5173/' failed: Error in connection establishment: net::ERR_CONNECTION_REFUSED @ https://localhost:5173/@vite/client:1034
[ 1458828ms] [ERROR] WebSocket connection to 'wss://localhost:5173/' failed: Error in connection establishment: net::ERR_CONNECTION_REFUSED @ https://localhost:5173/@vite/client:1034
[ 1461964ms] [ERROR] WebSocket connection to 'wss://localhost:5173/' failed: Error in connection establishment: net::ERR_CONNECTION_REFUSED @ https://localhost:5173/@vite/client:1034
[ 1467249ms] [ERROR] WebSocket connection to 'wss://localhost:5173/' failed: Error in connection establishment: net::ERR_CONNECTION_REFUSED @ https://localhost:5173/@vite/client:1034
[ 1469350ms] [ERROR] WebSocket connection to 'wss://localhost:5173/' failed: Error in connection establishment: net::ERR_CONNECTION_REFUSED @ https://localhost:5173/@vite/client:1034
[ 1472907ms] [ERROR] WebSocket connection to 'wss://localhost:5173/' failed: Error in connection establishment: net::ERR_CONNECTION_REFUSED @ https://localhost:5173/@vite/client:1034
[ 1478848ms] [ERROR] WebSocket connection to 'wss://localhost:5173/' failed: Error in connection establishment: net::ERR_CONNECTION_REFUSED @ https://localhost:5173/@vite/client:1034
[ 1483355ms] [ERROR] WebSocket connection to 'wss://localhost:5173/' failed: Error in connection establishment: net::ERR_CONNECTION_REFUSED @ https://localhost:5173/@vite/client:1034
[ 1488695ms] [ERROR] WebSocket connection to 'wss://localhost:5173/' failed: Error in connection establishment: net::ERR_CONNECTION_REFUSED @ https://localhost:5173/@vite/client:1034
[ 1493627ms] [ERROR] WebSocket connection to 'wss://localhost:5173/' failed: Error in connection establishment: net::ERR_CONNECTION_REFUSED @ https://localhost:5173/@vite/client:1034
[ 1498083ms] [ERROR] WebSocket connection to 'wss://localhost:5173/' failed: Error in connection establishment: net::ERR_CONNECTION_REFUSED @ https://localhost:5173/@vite/client:1034
[ 1502921ms] [ERROR] WebSocket connection to 'wss://localhost:5173/' failed: Error in connection establishment: net::ERR_CONNECTION_REFUSED @ https://localhost:5173/@vite/client:1034
[ 1506110ms] [ERROR] WebSocket connection to 'wss://localhost:5173/' failed: Error in connection establishment: net::ERR_CONNECTION_REFUSED @ https://localhost:5173/@vite/client:1034
[ 1510432ms] [ERROR] WebSocket connection to 'wss://localhost:5173/' failed: Error in connection establishment: net::ERR_CONNECTION_REFUSED @ https://localhost:5173/@vite/client:1034
[ 1513045ms] [ERROR] WebSocket connection to 'wss://localhost:5173/' failed: Error in connection establishment: net::ERR_CONNECTION_REFUSED @ https://localhost:5173/@vite/client:1034
[ 1517213ms] [ERROR] WebSocket connection to 'wss://localhost:5173/' failed: Error in connection establishment: net::ERR_CONNECTION_REFUSED @ https://localhost:5173/@vite/client:1034
[ 1520491ms] [ERROR] WebSocket connection to 'wss://localhost:5173/' failed: Error in connection establishment: net::ERR_CONNECTION_REFUSED @ https://localhost:5173/@vite/client:1034
[ 1522679ms] [ERROR] WebSocket connection to 'wss://localhost:5173/' failed: Error in connection establishment: net::ERR_CONNECTION_REFUSED @ https://localhost:5173/@vite/client:1034
[ 1525889ms] [ERROR] WebSocket connection to 'wss://localhost:5173/' failed: Error in connection establishment: net::ERR_CONNECTION_REFUSED @ https://localhost:5173/@vite/client:1034
[ 1531450ms] [ERROR] WebSocket connection to 'wss://localhost:5173/' failed: Error in connection establishment: net::ERR_CONNECTION_REFUSED @ https://localhost:5173/@vite/client:1034
[ 1535622ms] [ERROR] WebSocket connection to 'wss://localhost:5173/' failed: Error in connection establishment: net::ERR_CONNECTION_REFUSED @ https://localhost:5173/@vite/client:1034
[ 1539659ms] [ERROR] WebSocket connection to 'wss://localhost:5173/' failed: Error in connection establishment: net::ERR_CONNECTION_REFUSED @ https://localhost:5173/@vite/client:1034
[ 1545331ms] [ERROR] WebSocket connection to 'wss://localhost:5173/' failed: Error in connection establishment: net::ERR_CONNECTION_REFUSED @ https://localhost:5173/@vite/client:1034
[ 1547462ms] [ERROR] WebSocket connection to 'wss://localhost:5173/' failed: Error in connection establishment: net::ERR_CONNECTION_REFUSED @ https://localhost:5173/@vite/client:1034
[ 1551850ms] [ERROR] WebSocket connection to 'wss://localhost:5173/' failed: Error in connection establishment: net::ERR_CONNECTION_REFUSED @ https://localhost:5173/@vite/client:1034
[ 1554845ms] [ERROR] WebSocket connection to 'wss://localhost:5173/' failed: Error in connection establishment: net::ERR_CONNECTION_REFUSED @ https://localhost:5173/@vite/client:1034
[ 1560102ms] [ERROR] WebSocket connection to 'wss://localhost:5173/' failed: Error in connection establishment: net::ERR_CONNECTION_REFUSED @ https://localhost:5173/@vite/client:1034
[ 1565268ms] [ERROR] WebSocket connection to 'wss://localhost:5173/' failed: Error in connection establishment: net::ERR_CONNECTION_REFUSED @ https://localhost:5173/@vite/client:1034
[ 1567870ms] [ERROR] WebSocket connection to 'wss://localhost:5173/' failed: Error in connection establishment: net::ERR_CONNECTION_REFUSED @ https://localhost:5173/@vite/client:1034
[ 1573038ms] [ERROR] WebSocket connection to 'wss://localhost:5173/' failed: Error in connection establishment: net::ERR_CONNECTION_REFUSED @ https://localhost:5173/@vite/client:1034
[ 1578593ms] [ERROR] WebSocket connection to 'wss://localhost:5173/' failed: Error in connection establishment: net::ERR_CONNECTION_REFUSED @ https://localhost:5173/@vite/client:1034
[ 1582296ms] [ERROR] WebSocket connection to 'wss://localhost:5173/' failed: Error in connection establishment: net::ERR_CONNECTION_REFUSED @ https://localhost:5173/@vite/client:1034
[ 1588099ms] [ERROR] WebSocket connection to 'wss://localhost:5173/' failed: Error in connection establishment: net::ERR_CONNECTION_REFUSED @ https://localhost:5173/@vite/client:1034
[ 1591320ms] [ERROR] WebSocket connection to 'wss://localhost:5173/' failed: Error in connection establishment: net::ERR_CONNECTION_REFUSED @ https://localhost:5173/@vite/client:1034
[ 1594102ms] [ERROR] WebSocket connection to 'wss://localhost:5173/' failed: Error in connection establishment: net::ERR_CONNECTION_REFUSED @ https://localhost:5173/@vite/client:1034
[ 1598305ms] [ERROR] WebSocket connection to 'wss://localhost:5173/' failed: Error in connection establishment: net::ERR_CONNECTION_REFUSED @ https://localhost:5173/@vite/client:1034
[ 1603330ms] [ERROR] WebSocket connection to 'wss://localhost:5173/' failed: Error in connection establishment: net::ERR_CONNECTION_REFUSED @ https://localhost:5173/@vite/client:1034
[ 1605959ms] [ERROR] WebSocket connection to 'wss://localhost:5173/' failed: Error in connection establishment: net::ERR_CONNECTION_REFUSED @ https://localhost:5173/@vite/client:1034
[ 1610851ms] [ERROR] WebSocket connection to 'wss://localhost:5173/' failed: Error in connection establishment: net::ERR_CONNECTION_REFUSED @ https://localhost:5173/@vite/client:1034
[ 1616260ms] [ERROR] WebSocket connection to 'wss://localhost:5173/' failed: Error in connection establishment: net::ERR_CONNECTION_REFUSED @ https://localhost:5173/@vite/client:1034
[ 1621932ms] [ERROR] WebSocket connection to 'wss://localhost:5173/' failed: Error in connection establishment: net::ERR_CONNECTION_REFUSED @ https://localhost:5173/@vite/client:1034
[ 1625662ms] [ERROR] WebSocket connection to 'wss://localhost:5173/' failed: Error in connection establishment: net::ERR_CONNECTION_REFUSED @ https://localhost:5173/@vite/client:1034
[ 1629869ms] [ERROR] WebSocket connection to 'wss://localhost:5173/' failed: Error in connection establishment: net::ERR_CONNECTION_REFUSED @ https://localhost:5173/@vite/client:1034
[ 1634815ms] [ERROR] WebSocket connection to 'wss://localhost:5173/' failed: Error in connection establishment: net::ERR_CONNECTION_REFUSED @ https://localhost:5173/@vite/client:1034
[ 1639099ms] [ERROR] WebSocket connection to 'wss://localhost:5173/' failed: Error in connection establishment: net::ERR_CONNECTION_REFUSED @ https://localhost:5173/@vite/client:1034
[ 1643980ms] [ERROR] WebSocket connection to 'wss://localhost:5173/' failed: Error in connection establishment: net::ERR_CONNECTION_REFUSED @ https://localhost:5173/@vite/client:1034
[ 1649105ms] [ERROR] WebSocket connection to 'wss://localhost:5173/' failed: Error in connection establishment: net::ERR_CONNECTION_REFUSED @ https://localhost:5173/@vite/client:1034
[ 1652685ms] [ERROR] WebSocket connection to 'wss://localhost:5173/' failed: Error in connection establishment: net::ERR_CONNECTION_REFUSED @ https://localhost:5173/@vite/client:1034
[ 1656168ms] [ERROR] WebSocket connection to 'wss://localhost:5173/' failed: Error in connection establishment: net::ERR_CONNECTION_REFUSED @ https://localhost:5173/@vite/client:1034
[ 1661464ms] [ERROR] WebSocket connection to 'wss://localhost:5173/' failed: Error in connection establishment: net::ERR_CONNECTION_REFUSED @ https://localhost:5173/@vite/client:1034
[ 1664122ms] [ERROR] WebSocket connection to 'wss://localhost:5173/' failed: Error in connection establishment: net::ERR_CONNECTION_REFUSED @ https://localhost:5173/@vite/client:1034
[ 1666369ms] [ERROR] WebSocket connection to 'wss://localhost:5173/' failed: Error in connection establishment: net::ERR_CONNECTION_REFUSED @ https://localhost:5173/@vite/client:1034
[ 1669873ms] [ERROR] WebSocket connection to 'wss://localhost:5173/' failed: Error in connection establishment: net::ERR_CONNECTION_REFUSED @ https://localhost:5173/@vite/client:1034
[ 1672898ms] [ERROR] WebSocket connection to 'wss://localhost:5173/' failed: Error in connection establishment: net::ERR_CONNECTION_REFUSED @ https://localhost:5173/@vite/client:1034
[ 1675299ms] [ERROR] WebSocket connection to 'wss://localhost:5173/' failed: Error in connection establishment: net::ERR_CONNECTION_REFUSED @ https://localhost:5173/@vite/client:1034
[ 1679355ms] [ERROR] WebSocket connection to 'wss://localhost:5173/' failed: Error in connection establishment: net::ERR_CONNECTION_REFUSED @ https://localhost:5173/@vite/client:1034
[ 1683485ms] [ERROR] WebSocket connection to 'wss://localhost:5173/' failed: Error in connection establishment: net::ERR_CONNECTION_REFUSED @ https://localhost:5173/@vite/client:1034
[ 1688760ms] [ERROR] WebSocket connection to 'wss://localhost:5173/' failed: Error in connection establishment: net::ERR_CONNECTION_REFUSED @ https://localhost:5173/@vite/client:1034
[ 1692584ms] [ERROR] WebSocket connection to 'wss://localhost:5173/' failed: Error in connection establishment: net::ERR_CONNECTION_REFUSED @ https://localhost:5173/@vite/client:1034
[ 1697265ms] [ERROR] WebSocket connection to 'wss://localhost:5173/' failed: Error in connection establishment: net::ERR_CONNECTION_REFUSED @ https://localhost:5173/@vite/client:1034
[ 1700764ms] [ERROR] WebSocket connection to 'wss://localhost:5173/' failed: Error in connection establishment: net::ERR_CONNECTION_REFUSED @ https://localhost:5173/@vite/client:1034
[ 1704333ms] [ERROR] WebSocket connection to 'wss://localhost:5173/' failed: Error in connection establishment: net::ERR_CONNECTION_REFUSED @ https://localhost:5173/@vite/client:1034
[ 1707205ms] [ERROR] WebSocket connection to 'wss://localhost:5173/' failed: Error in connection establishment: net::ERR_CONNECTION_REFUSED @ https://localhost:5173/@vite/client:1034
[ 1710242ms] [ERROR] WebSocket connection to 'wss://localhost:5173/' failed: Error in connection establishment: net::ERR_CONNECTION_REFUSED @ https://localhost:5173/@vite/client:1034
[ 1715533ms] [ERROR] WebSocket connection to 'wss://localhost:5173/' failed: Error in connection establishment: net::ERR_CONNECTION_REFUSED @ https://localhost:5173/@vite/client:1034
[ 1720470ms] [ERROR] WebSocket connection to 'wss://localhost:5173/' failed: Error in connection establishment: net::ERR_CONNECTION_REFUSED @ https://localhost:5173/@vite/client:1034
[ 1725196ms] [ERROR] WebSocket connection to 'wss://localhost:5173/' failed: Error in connection establishment: net::ERR_CONNECTION_REFUSED @ https://localhost:5173/@vite/client:1034
[ 1727677ms] [ERROR] WebSocket connection to 'wss://localhost:5173/' failed: Error in connection establishment: net::ERR_CONNECTION_REFUSED @ https://localhost:5173/@vite/client:1034
[ 1733650ms] [ERROR] WebSocket connection to 'wss://localhost:5173/' failed: Error in connection establishment: net::ERR_CONNECTION_REFUSED @ https://localhost:5173/@vite/client:1034
[ 1737067ms] [ERROR] WebSocket connection to 'wss://localhost:5173/' failed: Error in connection establishment: net::ERR_CONNECTION_REFUSED @ https://localhost:5173/@vite/client:1034
[ 1741165ms] [ERROR] WebSocket connection to 'wss://localhost:5173/' failed: Error in connection establishment: net::ERR_CONNECTION_REFUSED @ https://localhost:5173/@vite/client:1034
[ 1745663ms] [ERROR] WebSocket connection to 'wss://localhost:5173/' failed: Error in connection establishment: net::ERR_CONNECTION_REFUSED @ https://localhost:5173/@vite/client:1034
[ 1747705ms] [ERROR] WebSocket connection to 'wss://localhost:5173/' failed: Error in connection establishment: net::ERR_CONNECTION_REFUSED @ https://localhost:5173/@vite/client:1034
[ 1751937ms] [ERROR] WebSocket connection to 'wss://localhost:5173/' failed: Error in connection establishment: net::ERR_CONNECTION_REFUSED @ https://localhost:5173/@vite/client:1034
[ 1755334ms] [ERROR] WebSocket connection to 'wss://localhost:5173/' failed: Error in connection establishment: net::ERR_CONNECTION_REFUSED @ https://localhost:5173/@vite/client:1034
[ 1758163ms] [ERROR] WebSocket connection to 'wss://localhost:5173/' failed: Error in connection establishment: net::ERR_CONNECTION_REFUSED @ https://localhost:5173/@vite/client:1034
[ 1762782ms] [ERROR] WebSocket connection to 'wss://localhost:5173/' failed: Error in connection establishment: net::ERR_CONNECTION_REFUSED @ https://localhost:5173/@vite/client:1034
[ 1765259ms] [ERROR] WebSocket connection to 'wss://localhost:5173/' failed: Error in connection establishment: net::ERR_CONNECTION_REFUSED @ https://localhost:5173/@vite/client:1034
[ 1769006ms] [ERROR] WebSocket connection to 'wss://localhost:5173/' failed: Error in connection establishment: net::ERR_CONNECTION_REFUSED @ https://localhost:5173/@vite/client:1034
[ 1773313ms] [ERROR] WebSocket connection to 'wss://localhost:5173/' failed: Error in connection establishment: net::ERR_CONNECTION_REFUSED @ https://localhost:5173/@vite/client:1034
[ 1776280ms] [ERROR] WebSocket connection to 'wss://localhost:5173/' failed: Error in connection establishment: net::ERR_CONNECTION_REFUSED @ https://localhost:5173/@vite/client:1034
[ 1781857ms] [ERROR] WebSocket connection to 'wss://localhost:5173/' failed: Error in connection establishment: net::ERR_CONNECTION_REFUSED @ https://localhost:5173/@vite/client:1034
[ 1785246ms] [ERROR] WebSocket connection to 'wss://localhost:5173/' failed: Error in connection establishment: net::ERR_CONNECTION_REFUSED @ https://localhost:5173/@vite/client:1034
[ 1789565ms] [ERROR] WebSocket connection to 'wss://localhost:5173/' failed: Error in connection establishment: net::ERR_CONNECTION_REFUSED @ https://localhost:5173/@vite/client:1034
[ 1792872ms] [ERROR] WebSocket connection to 'wss://localhost:5173/' failed: Error in connection establishment: net::ERR_CONNECTION_REFUSED @ https://localhost:5173/@vite/client:1034
[ 1797706ms] [ERROR] WebSocket connection to 'wss://localhost:5173/' failed: Error in connection establishment: net::ERR_CONNECTION_REFUSED @ https://localhost:5173/@vite/client:1034
[ 1799792ms] [ERROR] WebSocket connection to 'wss://localhost:5173/' failed: Error in connection establishment: net::ERR_CONNECTION_REFUSED @ https://localhost:5173/@vite/client:1034
[ 1805573ms] [ERROR] WebSocket connection to 'wss://localhost:5173/' failed: Error in connection establishment: net::ERR_CONNECTION_REFUSED @ https://localhost:5173/@vite/client:1034
[ 1808340ms] [ERROR] WebSocket connection to 'wss://localhost:5173/' failed: Error in connection establishment: net::ERR_CONNECTION_REFUSED @ https://localhost:5173/@vite/client:1034
[ 1814187ms] [ERROR] WebSocket connection to 'wss://localhost:5173/' failed: Error in connection establishment: net::ERR_CONNECTION_REFUSED @ https://localhost:5173/@vite/client:1034
[ 1818001ms] [ERROR] WebSocket connection to 'wss://localhost:5173/' failed: Error in connection establishment: net::ERR_CONNECTION_REFUSED @ https://localhost:5173/@vite/client:1034
[ 1821273ms] [ERROR] WebSocket connection to 'wss://localhost:5173/' failed: Error in connection establishment: net::ERR_CONNECTION_REFUSED @ https://localhost:5173/@vite/client:1034
[ 1825993ms] [ERROR] WebSocket connection to 'wss://localhost:5173/' failed: Error in connection establishment: net::ERR_CONNECTION_REFUSED @ https://localhost:5173/@vite/client:1034
[ 1831534ms] [ERROR] WebSocket connection to 'wss://localhost:5173/' failed: Error in connection establishment: net::ERR_CONNECTION_REFUSED @ https://localhost:5173/@vite/client:1034
[ 1837148ms] [ERROR] WebSocket connection to 'wss://localhost:5173/' failed: Error in connection establishment: net::ERR_CONNECTION_REFUSED @ https://localhost:5173/@vite/client:1034
[ 1841128ms] [ERROR] WebSocket connection to 'wss://localhost:5173/' failed: Error in connection establishment: net::ERR_CONNECTION_REFUSED @ https://localhost:5173/@vite/client:1034
[ 1846995ms] [ERROR] WebSocket connection to 'wss://localhost:5173/' failed: Error in connection establishment: net::ERR_CONNECTION_REFUSED @ https://localhost:5173/@vite/client:1034
[ 1852141ms] [ERROR] WebSocket connection to 'wss://localhost:5173/' failed: Error in connection establishment: net::ERR_CONNECTION_REFUSED @ https://localhost:5173/@vite/client:1034
[ 1854909ms] [ERROR] WebSocket connection to 'wss://localhost:5173/' failed: Error in connection establishment: net::ERR_CONNECTION_REFUSED @ https://localhost:5173/@vite/client:1034
[ 1856916ms] [ERROR] WebSocket connection to 'wss://localhost:5173/' failed: Error in connection establishment: net::ERR_CONNECTION_REFUSED @ https://localhost:5173/@vite/client:1034
[ 1862342ms] [ERROR] WebSocket connection to 'wss://localhost:5173/' failed: Error in connection establishment: net::ERR_CONNECTION_REFUSED @ https://localhost:5173/@vite/client:1034
[ 1866352ms] [ERROR] WebSocket connection to 'wss://localhost:5173/' failed: Error in connection establishment: net::ERR_CONNECTION_REFUSED @ https://localhost:5173/@vite/client:1034
[ 1868963ms] [ERROR] WebSocket connection to 'wss://localhost:5173/' failed: Error in connection establishment: net::ERR_CONNECTION_REFUSED @ https://localhost:5173/@vite/client:1034
[ 1873906ms] [ERROR] WebSocket connection to 'wss://localhost:5173/' failed: Error in connection establishment: net::ERR_CONNECTION_REFUSED @ https://localhost:5173/@vite/client:1034
[ 1876624ms] [ERROR] WebSocket connection to 'wss://localhost:5173/' failed: Error in connection establishment: net::ERR_CONNECTION_REFUSED @ https://localhost:5173/@vite/client:1034
[ 1882366ms] [ERROR] WebSocket connection to 'wss://localhost:5173/' failed: Error in connection establishment: net::ERR_CONNECTION_REFUSED @ https://localhost:5173/@vite/client:1034
[ 1887452ms] [ERROR] WebSocket connection to 'wss://localhost:5173/' failed: Error in connection establishment: net::ERR_CONNECTION_REFUSED @ https://localhost:5173/@vite/client:1034
[ 1890209ms] [ERROR] WebSocket connection to 'wss://localhost:5173/' failed: Error in connection establishment: net::ERR_CONNECTION_REFUSED @ https://localhost:5173/@vite/client:1034
[ 1892865ms] [ERROR] WebSocket connection to 'wss://localhost:5173/' failed: Error in connection establishment: net::ERR_CONNECTION_REFUSED @ https://localhost:5173/@vite/client:1034
[ 1898598ms] [ERROR] WebSocket connection to 'wss://localhost:5173/' failed: Error in connection establishment: net::ERR_CONNECTION_REFUSED @ https://localhost:5173/@vite/client:1034
[ 1902966ms] [ERROR] WebSocket connection to 'wss://localhost:5173/' failed: Error in connection establishment: net::ERR_CONNECTION_REFUSED @ https://localhost:5173/@vite/client:1034
[ 1906491ms] [ERROR] WebSocket connection to 'wss://localhost:5173/' failed: Error in connection establishment: net::ERR_CONNECTION_REFUSED @ https://localhost:5173/@vite/client:1034
[ 1909041ms] [ERROR] WebSocket connection to 'wss://localhost:5173/' failed: Error in connection establishment: net::ERR_CONNECTION_REFUSED @ https://localhost:5173/@vite/client:1034
[ 1911945ms] [ERROR] WebSocket connection to 'wss://localhost:5173/' failed: Error in connection establishment: net::ERR_CONNECTION_REFUSED @ https://localhost:5173/@vite/client:1034
[ 1917279ms] [ERROR] WebSocket connection to 'wss://localhost:5173/' failed: Error in connection establishment: net::ERR_CONNECTION_REFUSED @ https://localhost:5173/@vite/client:1034
[ 1921891ms] [ERROR] WebSocket connection to 'wss://localhost:5173/' failed: Error in connection establishment: net::ERR_CONNECTION_REFUSED @ https://localhost:5173/@vite/client:1034
[ 1924159ms] [ERROR] WebSocket connection to 'wss://localhost:5173/' failed: Error in connection establishment: net::ERR_CONNECTION_REFUSED @ https://localhost:5173/@vite/client:1034
[ 1927015ms] [ERROR] WebSocket connection to 'wss://localhost:5173/' failed: Error in connection establishment: net::ERR_CONNECTION_REFUSED @ https://localhost:5173/@vite/client:1034
[ 1929189ms] [ERROR] WebSocket connection to 'wss://localhost:5173/' failed: Error in connection establishment: net::ERR_CONNECTION_REFUSED @ https://localhost:5173/@vite/client:1034
[ 1932673ms] [ERROR] WebSocket connection to 'wss://localhost:5173/' failed: Error in connection establishment: net::ERR_CONNECTION_REFUSED @ https://localhost:5173/@vite/client:1034
[ 1938136ms] [ERROR] WebSocket connection to 'wss://localhost:5173/' failed: Error in connection establishment: net::ERR_CONNECTION_REFUSED @ https://localhost:5173/@vite/client:1034
[ 1942404ms] [ERROR] WebSocket connection to 'wss://localhost:5173/' failed: Error in connection establishment: net::ERR_CONNECTION_REFUSED @ https://localhost:5173/@vite/client:1034
[ 1947277ms] [ERROR] WebSocket connection to 'wss://localhost:5173/' failed: Error in connection establishment: net::ERR_CONNECTION_REFUSED @ https://localhost:5173/@vite/client:1034
[ 1951358ms] [ERROR] WebSocket connection to 'wss://localhost:5173/' failed: Error in connection establishment: net::ERR_CONNECTION_REFUSED @ https://localhost:5173/@vite/client:1034
[ 1954301ms] [ERROR] WebSocket connection to 'wss://localhost:5173/' failed: Error in connection establishment: net::ERR_CONNECTION_REFUSED @ https://localhost:5173/@vite/client:1034
[ 1958577ms] [ERROR] WebSocket connection to 'wss://localhost:5173/' failed: Error in connection establishment: net::ERR_CONNECTION_REFUSED @ https://localhost:5173/@vite/client:1034
[ 1962435ms] [ERROR] WebSocket connection to 'wss://localhost:5173/' failed: Error in connection establishment: net::ERR_CONNECTION_REFUSED @ https://localhost:5173/@vite/client:1034
[ 1965465ms] [ERROR] WebSocket connection to 'wss://localhost:5173/' failed: Error in connection establishment: net::ERR_CONNECTION_REFUSED @ https://localhost:5173/@vite/client:1034
[ 1969730ms] [ERROR] WebSocket connection to 'wss://localhost:5173/' failed: Error in connection establishment: net::ERR_CONNECTION_REFUSED @ https://localhost:5173/@vite/client:1034
[ 1971915ms] [ERROR] WebSocket connection to 'wss://localhost:5173/' failed: Error in connection establishment: net::ERR_CONNECTION_REFUSED @ https://localhost:5173/@vite/client:1034
[ 1975157ms] [ERROR] WebSocket connection to 'wss://localhost:5173/' failed: Error in connection establishment: net::ERR_CONNECTION_REFUSED @ https://localhost:5173/@vite/client:1034
[ 1980000ms] [ERROR] WebSocket connection to 'wss://localhost:5173/' failed: Error in connection establishment: net::ERR_CONNECTION_REFUSED @ https://localhost:5173/@vite/client:1034
[ 1983209ms] [ERROR] WebSocket connection to 'wss://localhost:5173/' failed: Error in connection establishment: net::ERR_CONNECTION_REFUSED @ https://localhost:5173/@vite/client:1034
[ 1986140ms] [ERROR] WebSocket connection to 'wss://localhost:5173/' failed: Error in connection establishment: net::ERR_CONNECTION_REFUSED @ https://localhost:5173/@vite/client:1034
[ 1989998ms] [ERROR] WebSocket connection to 'wss://localhost:5173/' failed: Error in connection establishment: net::ERR_CONNECTION_REFUSED @ https://localhost:5173/@vite/client:1034
[ 1992588ms] [ERROR] WebSocket connection to 'wss://localhost:5173/' failed: Error in connection establishment: net::ERR_CONNECTION_REFUSED @ https://localhost:5173/@vite/client:1034
[ 1997614ms] [ERROR] WebSocket connection to 'wss://localhost:5173/' failed: Error in connection establishment: net::ERR_CONNECTION_REFUSED @ https://localhost:5173/@vite/client:1034
[ 2001541ms] [ERROR] WebSocket connection to 'wss://localhost:5173/' failed: Error in connection establishment: net::ERR_CONNECTION_REFUSED @ https://localhost:5173/@vite/client:1034
[ 2005712ms] [ERROR] WebSocket connection to 'wss://localhost:5173/' failed: Error in connection establishment: net::ERR_CONNECTION_REFUSED @ https://localhost:5173/@vite/client:1034
[ 2009758ms] [ERROR] WebSocket connection to 'wss://localhost:5173/' failed: Error in connection establishment: net::ERR_CONNECTION_REFUSED @ https://localhost:5173/@vite/client:1034
[ 2013942ms] [ERROR] WebSocket connection to 'wss://localhost:5173/' failed: Error in connection establishment: net::ERR_CONNECTION_REFUSED @ https://localhost:5173/@vite/client:1034
[ 2014970ms] [ERROR] WebSocket connection to 'wss://localhost:5173/' failed: Error in connection establishment: net::ERR_CONNECTION_REFUSED @ https://localhost:5173/@vite/client:1034
[ 2015977ms] [ERROR] WebSocket connection to 'wss://localhost:5173/' failed: Error in connection establishment: net::ERR_CONNECTION_REFUSED @ https://localhost:5173/@vite/client:1034
[ 2017014ms] [ERROR] WebSocket connection to 'wss://localhost:5173/' failed: Error in connection establishment: net::ERR_CONNECTION_REFUSED @ https://localhost:5173/@vite/client:1034
[ 2018080ms] [ERROR] WebSocket connection to 'wss://localhost:5173/' failed: Error in connection establishment: net::ERR_CONNECTION_REFUSED @ https://localhost:5173/@vite/client:1034
[ 2019153ms] [ERROR] WebSocket connection to 'wss://localhost:5173/' failed: Error in connection establishment: net::ERR_CONNECTION_REFUSED @ https://localhost:5173/@vite/client:1034
[ 2020211ms] [ERROR] WebSocket connection to 'wss://localhost:5173/' failed: Error in connection establishment: net::ERR_CONNECTION_REFUSED @ https://localhost:5173/@vite/client:1034
[ 2021249ms] [ERROR] WebSocket connection to 'wss://localhost:5173/' failed: Error in connection establishment: net::ERR_CONNECTION_REFUSED @ https://localhost:5173/@vite/client:1034
[ 2022288ms] [ERROR] WebSocket connection to 'wss://localhost:5173/' failed: Error in connection establishment: net::ERR_CONNECTION_REFUSED @ https://localhost:5173/@vite/client:1034
[ 2023372ms] [ERROR] WebSocket connection to 'wss://localhost:5173/' failed: Error in connection establishment: net::ERR_CONNECTION_REFUSED @ https://localhost:5173/@vite/client:1034
[ 2024486ms] [ERROR] WebSocket connection to 'wss://localhost:5173/' failed: Error in connection establishment: net::ERR_CONNECTION_REFUSED @ https://localhost:5173/@vite/client:1034
[ 2025593ms] [ERROR] WebSocket connection to 'wss://localhost:5173/' failed: Error in connection establishment: net::ERR_CONNECTION_REFUSED @ https://localhost:5173/@vite/client:1034
[ 2026752ms] [ERROR] WebSocket connection to 'wss://localhost:5173/' failed: Error in connection establishment: net::ERR_CONNECTION_REFUSED @ https://localhost:5173/@vite/client:1034
[ 2028155ms] [ERROR] WebSocket connection to 'wss://localhost:5173/' failed: Error in connection establishment: net::ERR_CONNECTION_REFUSED @ https://localhost:5173/@vite/client:1034
[ 2029873ms] [ERROR] WebSocket connection to 'wss://localhost:5173/' failed: Error in connection establishment: net::ERR_CONNECTION_REFUSED @ https://localhost:5173/@vite/client:1034
[ 2032356ms] [ERROR] WebSocket connection to 'wss://localhost:5173/' failed: Error in connection establishment: net::ERR_CONNECTION_REFUSED @ https://localhost:5173/@vite/client:1034
[ 2038170ms] [ERROR] WebSocket connection to 'wss://localhost:5173/' failed: Error in connection establishment: net::ERR_CONNECTION_REFUSED @ https://localhost:5173/@vite/client:1034
[ 2042237ms] [ERROR] WebSocket connection to 'wss://localhost:5173/' failed: Error in connection establishment: net::ERR_CONNECTION_REFUSED @ https://localhost:5173/@vite/client:1034
[ 2046105ms] [ERROR] WebSocket connection to 'wss://localhost:5173/' failed: Error in connection establishment: net::ERR_CONNECTION_REFUSED @ https://localhost:5173/@vite/client:1034
[ 2051088ms] [ERROR] WebSocket connection to 'wss://localhost:5173/' failed: Error in connection establishment: net::ERR_CONNECTION_REFUSED @ https://localhost:5173/@vite/client:1034
[ 2054051ms] [ERROR] WebSocket connection to 'wss://localhost:5173/' failed: Error in connection establishment: net::ERR_CONNECTION_REFUSED @ https://localhost:5173/@vite/client:1034
[ 2059828ms] [ERROR] WebSocket connection to 'wss://localhost:5173/' failed: Error in connection establishment: net::ERR_CONNECTION_REFUSED @ https://localhost:5173/@vite/client:1034
[ 2063506ms] [ERROR] WebSocket connection to 'wss://localhost:5173/' failed: Error in connection establishment: net::ERR_CONNECTION_REFUSED @ https://localhost:5173/@vite/client:1034
[ 2068576ms] [ERROR] WebSocket connection to 'wss://localhost:5173/' failed: Error in connection establishment: net::ERR_CONNECTION_REFUSED @ https://localhost:5173/@vite/client:1034
[ 2074010ms] [ERROR] WebSocket connection to 'wss://localhost:5173/' failed: Error in connection establishment: net::ERR_CONNECTION_REFUSED @ https://localhost:5173/@vite/client:1034
[ 2076584ms] [ERROR] WebSocket connection to 'wss://localhost:5173/' failed: Error in connection establishment: net::ERR_CONNECTION_REFUSED @ https://localhost:5173/@vite/client:1034
[ 2080017ms] [ERROR] WebSocket connection to 'wss://localhost:5173/' failed: Error in connection establishment: net::ERR_CONNECTION_REFUSED @ https://localhost:5173/@vite/client:1034
[ 2085621ms] [ERROR] WebSocket connection to 'wss://localhost:5173/' failed: Error in connection establishment: net::ERR_CONNECTION_REFUSED @ https://localhost:5173/@vite/client:1034
[ 2090710ms] [ERROR] WebSocket connection to 'wss://localhost:5173/' failed: Error in connection establishment: net::ERR_CONNECTION_REFUSED @ https://localhost:5173/@vite/client:1034
[ 2093864ms] [ERROR] WebSocket connection to 'wss://localhost:5173/' failed: Error in connection establishment: net::ERR_CONNECTION_REFUSED @ https://localhost:5173/@vite/client:1034
[ 2096919ms] [ERROR] WebSocket connection to 'wss://localhost:5173/' failed: Error in connection establishment: net::ERR_CONNECTION_REFUSED @ https://localhost:5173/@vite/client:1034
[ 2100285ms] [ERROR] WebSocket connection to 'wss://localhost:5173/' failed: Error in connection establishment: net::ERR_CONNECTION_REFUSED @ https://localhost:5173/@vite/client:1034
[ 2103852ms] [ERROR] WebSocket connection to 'wss://localhost:5173/' failed: Error in connection establishment: net::ERR_CONNECTION_REFUSED @ https://localhost:5173/@vite/client:1034
[ 2107015ms] [ERROR] WebSocket connection to 'wss://localhost:5173/' failed: Error in connection establishment: net::ERR_CONNECTION_REFUSED @ https://localhost:5173/@vite/client:1034
[ 2110946ms] [ERROR] WebSocket connection to 'wss://localhost:5173/' failed: Error in connection establishment: net::ERR_CONNECTION_REFUSED @ https://localhost:5173/@vite/client:1034
[ 2116343ms] [ERROR] WebSocket connection to 'wss://localhost:5173/' failed: Error in connection establishment: net::ERR_CONNECTION_REFUSED @ https://localhost:5173/@vite/client:1034
[ 2122083ms] [ERROR] WebSocket connection to 'wss://localhost:5173/' failed: Error in connection establishment: net::ERR_CONNECTION_REFUSED @ https://localhost:5173/@vite/client:1034
[ 2127310ms] [ERROR] WebSocket connection to 'wss://localhost:5173/' failed: Error in connection establishment: net::ERR_CONNECTION_REFUSED @ https://localhost:5173/@vite/client:1034
[ 2131850ms] [ERROR] WebSocket connection to 'wss://localhost:5173/' failed: Error in connection establishment: net::ERR_CONNECTION_REFUSED @ https://localhost:5173/@vite/client:1034
[ 2133964ms] [ERROR] WebSocket connection to 'wss://localhost:5173/' failed: Error in connection establishment: net::ERR_CONNECTION_REFUSED @ https://localhost:5173/@vite/client:1034
[ 2134972ms] [ERROR] WebSocket connection to 'wss://localhost:5173/' failed: Error in connection establishment: net::ERR_CONNECTION_REFUSED @ https://localhost:5173/@vite/client:1034
[ 2135979ms] [ERROR] WebSocket connection to 'wss://localhost:5173/' failed: Error in connection establishment: net::ERR_CONNECTION_REFUSED @ https://localhost:5173/@vite/client:1034
[ 2136992ms] [ERROR] WebSocket connection to 'wss://localhost:5173/' failed: Error in connection establishment: net::ERR_CONNECTION_REFUSED @ https://localhost:5173/@vite/client:1034
[ 2138016ms] [ERROR] WebSocket connection to 'wss://localhost:5173/' failed: Error in connection establishment: net::ERR_CONNECTION_REFUSED @ https://localhost:5173/@vite/client:1034
[ 2139066ms] [ERROR] WebSocket connection to 'wss://localhost:5173/' failed: Error in connection establishment: net::ERR_CONNECTION_REFUSED @ https://localhost:5173/@vite/client:1034
[ 2140126ms] [ERROR] WebSocket connection to 'wss://localhost:5173/' failed: Error in connection establishment: net::ERR_CONNECTION_REFUSED @ https://localhost:5173/@vite/client:1034
[ 2141170ms] [ERROR] WebSocket connection to 'wss://localhost:5173/' failed: Error in connection establishment: net::ERR_CONNECTION_REFUSED @ https://localhost:5173/@vite/client:1034
[ 2142204ms] [ERROR] WebSocket connection to 'wss://localhost:5173/' failed: Error in connection establishment: net::ERR_CONNECTION_REFUSED @ https://localhost:5173/@vite/client:1034
[ 2143251ms] [ERROR] WebSocket connection to 'wss://localhost:5173/' failed: Error in connection establishment: net::ERR_CONNECTION_REFUSED @ https://localhost:5173/@vite/client:1034
[ 2144322ms] [ERROR] WebSocket connection to 'wss://localhost:5173/' failed: Error in connection establishment: net::ERR_CONNECTION_REFUSED @ https://localhost:5173/@vite/client:1034
[ 2145456ms] [ERROR] WebSocket connection to 'wss://localhost:5173/' failed: Error in connection establishment: net::ERR_CONNECTION_REFUSED @ https://localhost:5173/@vite/client:1034
[ 2146776ms] [ERROR] WebSocket connection to 'wss://localhost:5173/' failed: Error in connection establishment: net::ERR_CONNECTION_REFUSED @ https://localhost:5173/@vite/client:1034
[ 2148342ms] [ERROR] WebSocket connection to 'wss://localhost:5173/' failed: Error in connection establishment: net::ERR_CONNECTION_REFUSED @ https://localhost:5173/@vite/client:1034
[ 2150602ms] [ERROR] WebSocket connection to 'wss://localhost:5173/' failed: Error in connection establishment: net::ERR_CONNECTION_REFUSED @ https://localhost:5173/@vite/client:1034
[ 2152291ms] [ERROR] WebSocket connection to 'wss://localhost:5173/' failed: Error in connection establishment: net::ERR_CONNECTION_REFUSED @ https://localhost:5173/@vite/client:1034
[ 2157534ms] [ERROR] WebSocket connection to 'wss://localhost:5173/' failed: Error in connection establishment: net::ERR_CONNECTION_REFUSED @ https://localhost:5173/@vite/client:1034
[ 2159888ms] [ERROR] WebSocket connection to 'wss://localhost:5173/' failed: Error in connection establishment: net::ERR_CONNECTION_REFUSED @ https://localhost:5173/@vite/client:1034
[ 2164974ms] [ERROR] WebSocket connection to 'wss://localhost:5173/' failed: Error in connection establishment: net::ERR_CONNECTION_REFUSED @ https://localhost:5173/@vite/client:1034
[ 2169239ms] [ERROR] WebSocket connection to 'wss://localhost:5173/' failed: Error in connection establishment: net::ERR_CONNECTION_REFUSED @ https://localhost:5173/@vite/client:1034
[ 2174908ms] [ERROR] WebSocket connection to 'wss://localhost:5173/' failed: Error in connection establishment: net::ERR_CONNECTION_REFUSED @ https://localhost:5173/@vite/client:1034
[ 2179597ms] [ERROR] WebSocket connection to 'wss://localhost:5173/' failed: Error in connection establishment: net::ERR_CONNECTION_REFUSED @ https://localhost:5173/@vite/client:1034
[ 2182672ms] [ERROR] WebSocket connection to 'wss://localhost:5173/' failed: Error in connection establishment: net::ERR_CONNECTION_REFUSED @ https://localhost:5173/@vite/client:1034
[ 2185922ms] [ERROR] WebSocket connection to 'wss://localhost:5173/' failed: Error in connection establishment: net::ERR_CONNECTION_REFUSED @ https://localhost:5173/@vite/client:1034
[ 2191483ms] [ERROR] WebSocket connection to 'wss://localhost:5173/' failed: Error in connection establishment: net::ERR_CONNECTION_REFUSED @ https://localhost:5173/@vite/client:1034
[ 2197203ms] [ERROR] WebSocket connection to 'wss://localhost:5173/' failed: Error in connection establishment: net::ERR_CONNECTION_REFUSED @ https://localhost:5173/@vite/client:1034
[ 2203258ms] [ERROR] WebSocket connection to 'wss://localhost:5173/' failed: Error in connection establishment: net::ERR_CONNECTION_REFUSED @ https://localhost:5173/@vite/client:1034
[ 2209294ms] [ERROR] WebSocket connection to 'wss://localhost:5173/' failed: Error in connection establishment: net::ERR_CONNECTION_REFUSED @ https://localhost:5173/@vite/client:1034
[ 2211380ms] [ERROR] WebSocket connection to 'wss://localhost:5173/' failed: Error in connection establishment: net::ERR_CONNECTION_REFUSED @ https://localhost:5173/@vite/client:1034
[ 2213858ms] [ERROR] WebSocket connection to 'wss://localhost:5173/' failed: Error in connection establishment: net::ERR_CONNECTION_REFUSED @ https://localhost:5173/@vite/client:1034
[ 2217886ms] [ERROR] WebSocket connection to 'wss://localhost:5173/' failed: Error in connection establishment: net::ERR_CONNECTION_REFUSED @ https://localhost:5173/@vite/client:1034
[ 2220971ms] [ERROR] WebSocket connection to 'wss://localhost:5173/' failed: Error in connection establishment: net::ERR_CONNECTION_REFUSED @ https://localhost:5173/@vite/client:1034
[ 2225203ms] [ERROR] WebSocket connection to 'wss://localhost:5173/' failed: Error in connection establishment: net::ERR_CONNECTION_REFUSED @ https://localhost:5173/@vite/client:1034
[ 2230316ms] [ERROR] WebSocket connection to 'wss://localhost:5173/' failed: Error in connection establishment: net::ERR_CONNECTION_REFUSED @ https://localhost:5173/@vite/client:1034
[ 2233550ms] [ERROR] WebSocket connection to 'wss://localhost:5173/' failed: Error in connection establishment: net::ERR_CONNECTION_REFUSED @ https://localhost:5173/@vite/client:1034
[ 2237864ms] [ERROR] WebSocket connection to 'wss://localhost:5173/' failed: Error in connection establishment: net::ERR_CONNECTION_REFUSED @ https://localhost:5173/@vite/client:1034
[ 2242360ms] [ERROR] WebSocket connection to 'wss://localhost:5173/' failed: Error in connection establishment: net::ERR_CONNECTION_REFUSED @ https://localhost:5173/@vite/client:1034
[ 2246128ms] [ERROR] WebSocket connection to 'wss://localhost:5173/' failed: Error in connection establishment: net::ERR_CONNECTION_REFUSED @ https://localhost:5173/@vite/client:1034
[ 2249072ms] [ERROR] WebSocket connection to 'wss://localhost:5173/' failed: Error in connection establishment: net::ERR_CONNECTION_REFUSED @ https://localhost:5173/@vite/client:1034
[ 2253294ms] [ERROR] WebSocket connection to 'wss://localhost:5173/' failed: Error in connection establishment: net::ERR_CONNECTION_REFUSED @ https://localhost:5173/@vite/client:1034
[ 2257515ms] [ERROR] WebSocket connection to 'wss://localhost:5173/' failed: Error in connection establishment: net::ERR_CONNECTION_REFUSED @ https://localhost:5173/@vite/client:1034
[ 2262212ms] [ERROR] WebSocket connection to 'wss://localhost:5173/' failed: Error in connection establishment: net::ERR_CONNECTION_REFUSED @ https://localhost:5173/@vite/client:1034
[ 2267971ms] [ERROR] WebSocket connection to 'wss://localhost:5173/' failed: Error in connection establishment: net::ERR_CONNECTION_REFUSED @ https://localhost:5173/@vite/client:1034
[ 2272274ms] [ERROR] WebSocket connection to 'wss://localhost:5173/' failed: Error in connection establishment: net::ERR_CONNECTION_REFUSED @ https://localhost:5173/@vite/client:1034
[ 2275628ms] [ERROR] WebSocket connection to 'wss://localhost:5173/' failed: Error in connection establishment: net::ERR_CONNECTION_REFUSED @ https://localhost:5173/@vite/client:1034
[ 2280284ms] [ERROR] WebSocket connection to 'wss://localhost:5173/' failed: Error in connection establishment: net::ERR_CONNECTION_REFUSED @ https://localhost:5173/@vite/client:1034
[ 2283683ms] [ERROR] WebSocket connection to 'wss://localhost:5173/' failed: Error in connection establishment: net::ERR_CONNECTION_REFUSED @ https://localhost:5173/@vite/client:1034
[ 2289727ms] [ERROR] WebSocket connection to 'wss://localhost:5173/' failed: Error in connection establishment: net::ERR_CONNECTION_REFUSED @ https://localhost:5173/@vite/client:1034
[ 2293849ms] [ERROR] WebSocket connection to 'wss://localhost:5173/' failed: Error in connection establishment: net::ERR_CONNECTION_REFUSED @ https://localhost:5173/@vite/client:1034
[ 2298723ms] [ERROR] WebSocket connection to 'wss://localhost:5173/' failed: Error in connection establishment: net::ERR_CONNECTION_REFUSED @ https://localhost:5173/@vite/client:1034
[ 2301559ms] [ERROR] WebSocket connection to 'wss://localhost:5173/' failed: Error in connection establishment: net::ERR_CONNECTION_REFUSED @ https://localhost:5173/@vite/client:1034
[ 2304473ms] [ERROR] WebSocket connection to 'wss://localhost:5173/' failed: Error in connection establishment: net::ERR_CONNECTION_REFUSED @ https://localhost:5173/@vite/client:1034
[ 2308486ms] [ERROR] WebSocket connection to 'wss://localhost:5173/' failed: Error in connection establishment: net::ERR_CONNECTION_REFUSED @ https://localhost:5173/@vite/client:1034
[ 2312777ms] [ERROR] WebSocket connection to 'wss://localhost:5173/' failed: Error in connection establishment: net::ERR_CONNECTION_REFUSED @ https://localhost:5173/@vite/client:1034
[ 2314908ms] [ERROR] WebSocket connection to 'wss://localhost:5173/' failed: Error in connection establishment: net::ERR_CONNECTION_REFUSED @ https://localhost:5173/@vite/client:1034
[ 2320672ms] [ERROR] WebSocket connection to 'wss://localhost:5173/' failed: Error in connection establishment: net::ERR_CONNECTION_REFUSED @ https://localhost:5173/@vite/client:1034
[ 2323919ms] [ERROR] WebSocket connection to 'wss://localhost:5173/' failed: Error in connection establishment: net::ERR_CONNECTION_REFUSED @ https://localhost:5173/@vite/client:1034
[ 2329703ms] [ERROR] WebSocket connection to 'wss://localhost:5173/' failed: Error in connection establishment: net::ERR_CONNECTION_REFUSED @ https://localhost:5173/@vite/client:1034
[ 2335158ms] [ERROR] WebSocket connection to 'wss://localhost:5173/' failed: Error in connection establishment: net::ERR_CONNECTION_REFUSED @ https://localhost:5173/@vite/client:1034
[ 2339504ms] [ERROR] WebSocket connection to 'wss://localhost:5173/' failed: Error in connection establishment: net::ERR_CONNECTION_REFUSED @ https://localhost:5173/@vite/client:1034
[ 2345456ms] [ERROR] WebSocket connection to 'wss://localhost:5173/' failed: Error in connection establishment: net::ERR_CONNECTION_REFUSED @ https://localhost:5173/@vite/client:1034
[ 2348782ms] [ERROR] WebSocket connection to 'wss://localhost:5173/' failed: Error in connection establishment: net::ERR_CONNECTION_REFUSED @ https://localhost:5173/@vite/client:1034
[ 2351275ms] [ERROR] WebSocket connection to 'wss://localhost:5173/' failed: Error in connection establishment: net::ERR_CONNECTION_REFUSED @ https://localhost:5173/@vite/client:1034
[ 2355317ms] [ERROR] WebSocket connection to 'wss://localhost:5173/' failed: Error in connection establishment: net::ERR_CONNECTION_REFUSED @ https://localhost:5173/@vite/client:1034
[ 2359719ms] [ERROR] WebSocket connection to 'wss://localhost:5173/' failed: Error in connection establishment: net::ERR_CONNECTION_REFUSED @ https://localhost:5173/@vite/client:1034
[ 2364428ms] [ERROR] WebSocket connection to 'wss://localhost:5173/' failed: Error in connection establishment: net::ERR_CONNECTION_REFUSED @ https://localhost:5173/@vite/client:1034
[ 2370390ms] [ERROR] WebSocket connection to 'wss://localhost:5173/' failed: Error in connection establishment: net::ERR_CONNECTION_REFUSED @ https://localhost:5173/@vite/client:1034
[ 2374377ms] [ERROR] WebSocket connection to 'wss://localhost:5173/' failed: Error in connection establishment: net::ERR_CONNECTION_REFUSED @ https://localhost:5173/@vite/client:1034
[ 2375379ms] [ERROR] WebSocket connection to 'wss://localhost:5173/' failed: Error in connection establishment: net::ERR_CONNECTION_REFUSED @ https://localhost:5173/@vite/client:1034
[ 2376385ms] [ERROR] WebSocket connection to 'wss://localhost:5173/' failed: Error in connection establishment: net::ERR_CONNECTION_REFUSED @ https://localhost:5173/@vite/client:1034
[ 2377390ms] [ERROR] WebSocket connection to 'wss://localhost:5173/' failed: Error in connection establishment: net::ERR_CONNECTION_REFUSED @ https://localhost:5173/@vite/client:1034
[ 2378392ms] [ERROR] WebSocket connection to 'wss://localhost:5173/' failed: Error in connection establishment: net::ERR_CONNECTION_REFUSED @ https://localhost:5173/@vite/client:1034
[ 2379398ms] [ERROR] WebSocket connection to 'wss://localhost:5173/' failed: Error in connection establishment: net::ERR_CONNECTION_REFUSED @ https://localhost:5173/@vite/client:1034
[ 2380402ms] [ERROR] WebSocket connection to 'wss://localhost:5173/' failed: Error in connection establishment: net::ERR_CONNECTION_REFUSED @ https://localhost:5173/@vite/client:1034
[ 2381490ms] [ERROR] WebSocket connection to 'wss://localhost:5173/' failed: Error in connection establishment: net::ERR_CONNECTION_REFUSED @ https://localhost:5173/@vite/client:1034
[ 2382513ms] [ERROR] WebSocket connection to 'wss://localhost:5173/' failed: Error in connection establishment: net::ERR_CONNECTION_REFUSED @ https://localhost:5173/@vite/client:1034
[ 2383544ms] [ERROR] WebSocket connection to 'wss://localhost:5173/' failed: Error in connection establishment: net::ERR_CONNECTION_REFUSED @ https://localhost:5173/@vite/client:1034
[ 2384636ms] [ERROR] WebSocket connection to 'wss://localhost:5173/' failed: Error in connection establishment: net::ERR_CONNECTION_REFUSED @ https://localhost:5173/@vite/client:1034
[ 2385763ms] [ERROR] WebSocket connection to 'wss://localhost:5173/' failed: Error in connection establishment: net::ERR_CONNECTION_REFUSED @ https://localhost:5173/@vite/client:1034
[ 2386930ms] [ERROR] WebSocket connection to 'wss://localhost:5173/' failed: Error in connection establishment: net::ERR_CONNECTION_REFUSED @ https://localhost:5173/@vite/client:1034
[ 2388388ms] [ERROR] WebSocket connection to 'wss://localhost:5173/' failed: Error in connection establishment: net::ERR_CONNECTION_REFUSED @ https://localhost:5173/@vite/client:1034
[ 2389800ms] [ERROR] WebSocket connection to 'wss://localhost:5173/' failed: Error in connection establishment: net::ERR_CONNECTION_REFUSED @ https://localhost:5173/@vite/client:1034
[ 2392285ms] [ERROR] WebSocket connection to 'wss://localhost:5173/' failed: Error in connection establishment: net::ERR_CONNECTION_REFUSED @ https://localhost:5173/@vite/client:1034
[ 2394866ms] [ERROR] WebSocket connection to 'wss://localhost:5173/' failed: Error in connection establishment: net::ERR_CONNECTION_REFUSED @ https://localhost:5173/@vite/client:1034
[ 2400816ms] [ERROR] WebSocket connection to 'wss://localhost:5173/' failed: Error in connection establishment: net::ERR_CONNECTION_REFUSED @ https://localhost:5173/@vite/client:1034
[ 2405295ms] [ERROR] WebSocket connection to 'wss://localhost:5173/' failed: Error in connection establishment: net::ERR_CONNECTION_REFUSED @ https://localhost:5173/@vite/client:1034
[ 2410232ms] [ERROR] WebSocket connection to 'wss://localhost:5173/' failed: Error in connection establishment: net::ERR_CONNECTION_REFUSED @ https://localhost:5173/@vite/client:1034
[ 2412708ms] [ERROR] WebSocket connection to 'wss://localhost:5173/' failed: Error in connection establishment: net::ERR_CONNECTION_REFUSED @ https://localhost:5173/@vite/client:1034
[ 2415745ms] [ERROR] WebSocket connection to 'wss://localhost:5173/' failed: Error in connection establishment: net::ERR_CONNECTION_REFUSED @ https://localhost:5173/@vite/client:1034
[ 2418000ms] [ERROR] WebSocket connection to 'wss://localhost:5173/' failed: Error in connection establishment: net::ERR_CONNECTION_REFUSED @ https://localhost:5173/@vite/client:1034
[ 2422097ms] [ERROR] WebSocket connection to 'wss://localhost:5173/' failed: Error in connection establishment: net::ERR_CONNECTION_REFUSED @ https://localhost:5173/@vite/client:1034
[ 2427142ms] [ERROR] WebSocket connection to 'wss://localhost:5173/' failed: Error in connection establishment: net::ERR_CONNECTION_REFUSED @ https://localhost:5173/@vite/client:1034
[ 2430463ms] [ERROR] WebSocket connection to 'wss://localhost:5173/' failed: Error in connection establishment: net::ERR_CONNECTION_REFUSED @ https://localhost:5173/@vite/client:1034
[ 2432763ms] [ERROR] WebSocket connection to 'wss://localhost:5173/' failed: Error in connection establishment: net::ERR_CONNECTION_REFUSED @ https://localhost:5173/@vite/client:1034
[ 2437446ms] [ERROR] WebSocket connection to 'wss://localhost:5173/' failed: Error in connection establishment: net::ERR_CONNECTION_REFUSED @ https://localhost:5173/@vite/client:1034
[ 2441297ms] [ERROR] WebSocket connection to 'wss://localhost:5173/' failed: Error in connection establishment: net::ERR_CONNECTION_REFUSED @ https://localhost:5173/@vite/client:1034
[ 2443785ms] [ERROR] WebSocket connection to 'wss://localhost:5173/' failed: Error in connection establishment: net::ERR_CONNECTION_REFUSED @ https://localhost:5173/@vite/client:1034
[ 2447949ms] [ERROR] WebSocket connection to 'wss://localhost:5173/' failed: Error in connection establishment: net::ERR_CONNECTION_REFUSED @ https://localhost:5173/@vite/client:1034
[ 2450377ms] [ERROR] WebSocket connection to 'wss://localhost:5173/' failed: Error in connection establishment: net::ERR_CONNECTION_REFUSED @ https://localhost:5173/@vite/client:1034
[ 2454917ms] [ERROR] WebSocket connection to 'wss://localhost:5173/' failed: Error in connection establishment: net::ERR_CONNECTION_REFUSED @ https://localhost:5173/@vite/client:1034
[ 2458765ms] [ERROR] WebSocket connection to 'wss://localhost:5173/' failed: Error in connection establishment: net::ERR_CONNECTION_REFUSED @ https://localhost:5173/@vite/client:1034
[ 2461051ms] [ERROR] WebSocket connection to 'wss://localhost:5173/' failed: Error in connection establishment: net::ERR_CONNECTION_REFUSED @ https://localhost:5173/@vite/client:1034
[ 2465959ms] [ERROR] WebSocket connection to 'wss://localhost:5173/' failed: Error in connection establishment: net::ERR_CONNECTION_REFUSED @ https://localhost:5173/@vite/client:1034
[ 2469657ms] [ERROR] WebSocket connection to 'wss://localhost:5173/' failed: Error in connection establishment: net::ERR_CONNECTION_REFUSED @ https://localhost:5173/@vite/client:1034
[ 2474143ms] [ERROR] WebSocket connection to 'wss://localhost:5173/' failed: Error in connection establishment: net::ERR_CONNECTION_REFUSED @ https://localhost:5173/@vite/client:1034
[ 2476890ms] [ERROR] WebSocket connection to 'wss://localhost:5173/' failed: Error in connection establishment: net::ERR_CONNECTION_REFUSED @ https://localhost:5173/@vite/client:1034
[ 2478936ms] [ERROR] WebSocket connection to 'wss://localhost:5173/' failed: Error in connection establishment: net::ERR_CONNECTION_REFUSED @ https://localhost:5173/@vite/client:1034
[ 2481138ms] [ERROR] WebSocket connection to 'wss://localhost:5173/' failed: Error in connection establishment: net::ERR_CONNECTION_REFUSED @ https://localhost:5173/@vite/client:1034
[ 2487070ms] [ERROR] WebSocket connection to 'wss://localhost:5173/' failed: Error in connection establishment: net::ERR_CONNECTION_REFUSED @ https://localhost:5173/@vite/client:1034
[ 2489339ms] [ERROR] WebSocket connection to 'wss://localhost:5173/' failed: Error in connection establishment: net::ERR_CONNECTION_REFUSED @ https://localhost:5173/@vite/client:1034
[ 2494618ms] [ERROR] WebSocket connection to 'wss://localhost:5173/' failed: Error in connection establishment: net::ERR_CONNECTION_REFUSED @ https://localhost:5173/@vite/client:1034
[ 2495621ms] [ERROR] WebSocket connection to 'wss://localhost:5173/' failed: Error in connection establishment: net::ERR_CONNECTION_REFUSED @ https://localhost:5173/@vite/client:1034
[ 2496623ms] [ERROR] WebSocket connection to 'wss://localhost:5173/' failed: Error in connection establishment: net::ERR_CONNECTION_REFUSED @ https://localhost:5173/@vite/client:1034
[ 2497629ms] [ERROR] WebSocket connection to 'wss://localhost:5173/' failed: Error in connection establishment: net::ERR_CONNECTION_REFUSED @ https://localhost:5173/@vite/client:1034
[ 2498631ms] [ERROR] WebSocket connection to 'wss://localhost:5173/' failed: Error in connection establishment: net::ERR_CONNECTION_REFUSED @ https://localhost:5173/@vite/client:1034
[ 2499640ms] [ERROR] WebSocket connection to 'wss://localhost:5173/' failed: Error in connection establishment: net::ERR_CONNECTION_REFUSED @ https://localhost:5173/@vite/client:1034
[ 2500645ms] [ERROR] WebSocket connection to 'wss://localhost:5173/' failed: Error in connection establishment: net::ERR_CONNECTION_REFUSED @ https://localhost:5173/@vite/client:1034
[ 2501654ms] [ERROR] WebSocket connection to 'wss://localhost:5173/' failed: Error in connection establishment: net::ERR_CONNECTION_REFUSED @ https://localhost:5173/@vite/client:1034
[ 2502667ms] [ERROR] WebSocket connection to 'wss://localhost:5173/' failed: Error in connection establishment: net::ERR_CONNECTION_REFUSED @ https://localhost:5173/@vite/client:1034
[ 2503686ms] [ERROR] WebSocket connection to 'wss://localhost:5173/' failed: Error in connection establishment: net::ERR_CONNECTION_REFUSED @ https://localhost:5173/@vite/client:1034
[ 2504748ms] [ERROR] WebSocket connection to 'wss://localhost:5173/' failed: Error in connection establishment: net::ERR_CONNECTION_REFUSED @ https://localhost:5173/@vite/client:1034
[ 2505807ms] [ERROR] WebSocket connection to 'wss://localhost:5173/' failed: Error in connection establishment: net::ERR_CONNECTION_REFUSED @ https://localhost:5173/@vite/client:1034
[ 2507100ms] [ERROR] WebSocket connection to 'wss://localhost:5173/' failed: Error in connection establishment: net::ERR_CONNECTION_REFUSED @ https://localhost:5173/@vite/client:1034
[ 2508631ms] [ERROR] WebSocket connection to 'wss://localhost:5173/' failed: Error in connection establishment: net::ERR_CONNECTION_REFUSED @ https://localhost:5173/@vite/client:1034
[ 2510001ms] [ERROR] WebSocket connection to 'wss://localhost:5173/' failed: Error in connection establishment: net::ERR_CONNECTION_REFUSED @ https://localhost:5173/@vite/client:1034
[ 2511594ms] [ERROR] WebSocket connection to 'wss://localhost:5173/' failed: Error in connection establishment: net::ERR_CONNECTION_REFUSED @ https://localhost:5173/@vite/client:1034
[ 2516184ms] [ERROR] WebSocket connection to 'wss://localhost:5173/' failed: Error in connection establishment: net::ERR_CONNECTION_REFUSED @ https://localhost:5173/@vite/client:1034
[ 2519862ms] [ERROR] WebSocket connection to 'wss://localhost:5173/' failed: Error in connection establishment: net::ERR_CONNECTION_REFUSED @ https://localhost:5173/@vite/client:1034
[ 2524861ms] [ERROR] WebSocket connection to 'wss://localhost:5173/' failed: Error in connection establishment: net::ERR_CONNECTION_REFUSED @ https://localhost:5173/@vite/client:1034
[ 2527956ms] [ERROR] WebSocket connection to 'wss://localhost:5173/' failed: Error in connection establishment: net::ERR_CONNECTION_REFUSED @ https://localhost:5173/@vite/client:1034
[ 2532762ms] [ERROR] WebSocket connection to 'wss://localhost:5173/' failed: Error in connection establishment: net::ERR_CONNECTION_REFUSED @ https://localhost:5173/@vite/client:1034
[ 2535028ms] [ERROR] WebSocket connection to 'wss://localhost:5173/' failed: Error in connection establishment: net::ERR_CONNECTION_REFUSED @ https://localhost:5173/@vite/client:1034
[ 2539140ms] [ERROR] WebSocket connection to 'wss://localhost:5173/' failed: Error in connection establishment: net::ERR_CONNECTION_REFUSED @ https://localhost:5173/@vite/client:1034
[ 2542710ms] [ERROR] WebSocket connection to 'wss://localhost:5173/' failed: Error in connection establishment: net::ERR_CONNECTION_REFUSED @ https://localhost:5173/@vite/client:1034
[ 2546685ms] [ERROR] WebSocket connection to 'wss://localhost:5173/' failed: Error in connection establishment: net::ERR_CONNECTION_REFUSED @ https://localhost:5173/@vite/client:1034
[ 2548965ms] [ERROR] WebSocket connection to 'wss://localhost:5173/' failed: Error in connection establishment: net::ERR_CONNECTION_REFUSED @ https://localhost:5173/@vite/client:1034
[ 2552172ms] [ERROR] WebSocket connection to 'wss://localhost:5173/' failed: Error in connection establishment: net::ERR_CONNECTION_REFUSED @ https://localhost:5173/@vite/client:1034
[ 2556480ms] [ERROR] WebSocket connection to 'wss://localhost:5173/' failed: Error in connection establishment: net::ERR_CONNECTION_REFUSED @ https://localhost:5173/@vite/client:1034
[ 2559020ms] [ERROR] WebSocket connection to 'wss://localhost:5173/' failed: Error in connection establishment: net::ERR_CONNECTION_REFUSED @ https://localhost:5173/@vite/client:1034
[ 2562283ms] [ERROR] WebSocket connection to 'wss://localhost:5173/' failed: Error in connection establishment: net::ERR_CONNECTION_REFUSED @ https://localhost:5173/@vite/client:1034
[ 2564833ms] [ERROR] WebSocket connection to 'wss://localhost:5173/' failed: Error in connection establishment: net::ERR_CONNECTION_REFUSED @ https://localhost:5173/@vite/client:1034
[ 2570235ms] [ERROR] WebSocket connection to 'wss://localhost:5173/' failed: Error in connection establishment: net::ERR_CONNECTION_REFUSED @ https://localhost:5173/@vite/client:1034
[ 2575246ms] [ERROR] WebSocket connection to 'wss://localhost:5173/' failed: Error in connection establishment: net::ERR_CONNECTION_REFUSED @ https://localhost:5173/@vite/client:1034
[ 2580488ms] [ERROR] WebSocket connection to 'wss://localhost:5173/' failed: Error in connection establishment: net::ERR_CONNECTION_REFUSED @ https://localhost:5173/@vite/client:1034
[ 2584796ms] [ERROR] WebSocket connection to 'wss://localhost:5173/' failed: Error in connection establishment: net::ERR_CONNECTION_REFUSED @ https://localhost:5173/@vite/client:1034
[ 2590223ms] [ERROR] WebSocket connection to 'wss://localhost:5173/' failed: Error in connection establishment: net::ERR_CONNECTION_REFUSED @ https://localhost:5173/@vite/client:1034
[ 2595630ms] [ERROR] WebSocket connection to 'wss://localhost:5173/' failed: Error in connection establishment: net::ERR_CONNECTION_REFUSED @ https://localhost:5173/@vite/client:1034
[ 2600637ms] [ERROR] WebSocket connection to 'wss://localhost:5173/' failed: Error in connection establishment: net::ERR_CONNECTION_REFUSED @ https://localhost:5173/@vite/client:1034
[ 2606516ms] [ERROR] WebSocket connection to 'wss://localhost:5173/' failed: Error in connection establishment: net::ERR_CONNECTION_REFUSED @ https://localhost:5173/@vite/client:1034
[ 2609555ms] [ERROR] WebSocket connection to 'wss://localhost:5173/' failed: Error in connection establishment: net::ERR_CONNECTION_REFUSED @ https://localhost:5173/@vite/client:1034
[ 2613601ms] [ERROR] WebSocket connection to 'wss://localhost:5173/' failed: Error in connection establishment: net::ERR_CONNECTION_REFUSED @ https://localhost:5173/@vite/client:1034
[ 2618077ms] [ERROR] WebSocket connection to 'wss://localhost:5173/' failed: Error in connection establishment: net::ERR_CONNECTION_REFUSED @ https://localhost:5173/@vite/client:1034
[ 2621794ms] [ERROR] WebSocket connection to 'wss://localhost:5173/' failed: Error in connection establishment: net::ERR_CONNECTION_REFUSED @ https://localhost:5173/@vite/client:1034
[ 2627445ms] [ERROR] WebSocket connection to 'wss://localhost:5173/' failed: Error in connection establishment: net::ERR_CONNECTION_REFUSED @ https://localhost:5173/@vite/client:1034
[ 2632345ms] [ERROR] WebSocket connection to 'wss://localhost:5173/' failed: Error in connection establishment: net::ERR_CONNECTION_REFUSED @ https://localhost:5173/@vite/client:1034
[ 2636852ms] [ERROR] WebSocket connection to 'wss://localhost:5173/' failed: Error in connection establishment: net::ERR_CONNECTION_REFUSED @ https://localhost:5173/@vite/client:1034
[ 2642232ms] [ERROR] WebSocket connection to 'wss://localhost:5173/' failed: Error in connection establishment: net::ERR_CONNECTION_REFUSED @ https://localhost:5173/@vite/client:1034
[ 2647250ms] [ERROR] WebSocket connection to 'wss://localhost:5173/' failed: Error in connection establishment: net::ERR_CONNECTION_REFUSED @ https://localhost:5173/@vite/client:1034
[ 2649898ms] [ERROR] WebSocket connection to 'wss://localhost:5173/' failed: Error in connection establishment: net::ERR_CONNECTION_REFUSED @ https://localhost:5173/@vite/client:1034
[ 2652233ms] [ERROR] WebSocket connection to 'wss://localhost:5173/' failed: Error in connection establishment: net::ERR_CONNECTION_REFUSED @ https://localhost:5173/@vite/client:1034
[ 2656316ms] [ERROR] WebSocket connection to 'wss://localhost:5173/' failed: Error in connection establishment: net::ERR_CONNECTION_REFUSED @ https://localhost:5173/@vite/client:1034
[ 2662270ms] [ERROR] WebSocket connection to 'wss://localhost:5173/' failed: Error in connection establishment: net::ERR_CONNECTION_REFUSED @ https://localhost:5173/@vite/client:1034
[ 2666504ms] [ERROR] WebSocket connection to 'wss://localhost:5173/' failed: Error in connection establishment: net::ERR_CONNECTION_REFUSED @ https://localhost:5173/@vite/client:1034
[ 2668967ms] [ERROR] WebSocket connection to 'wss://localhost:5173/' failed: Error in connection establishment: net::ERR_CONNECTION_REFUSED @ https://localhost:5173/@vite/client:1034
[ 2673991ms] [ERROR] WebSocket connection to 'wss://localhost:5173/' failed: Error in connection establishment: net::ERR_CONNECTION_REFUSED @ https://localhost:5173/@vite/client:1034
[ 2676762ms] [ERROR] WebSocket connection to 'wss://localhost:5173/' failed: Error in connection establishment: net::ERR_CONNECTION_REFUSED @ https://localhost:5173/@vite/client:1034
[ 2681619ms] [ERROR] WebSocket connection to 'wss://localhost:5173/' failed: Error in connection establishment: net::ERR_CONNECTION_REFUSED @ https://localhost:5173/@vite/client:1034
[ 2687590ms] [ERROR] WebSocket connection to 'wss://localhost:5173/' failed: Error in connection establishment: net::ERR_CONNECTION_REFUSED @ https://localhost:5173/@vite/client:1034
[ 2690844ms] [ERROR] WebSocket connection to 'wss://localhost:5173/' failed: Error in connection establishment: net::ERR_CONNECTION_REFUSED @ https://localhost:5173/@vite/client:1034
[ 2696132ms] [ERROR] WebSocket connection to 'wss://localhost:5173/' failed: Error in connection establishment: net::ERR_CONNECTION_REFUSED @ https://localhost:5173/@vite/client:1034
[ 2698844ms] [ERROR] WebSocket connection to 'wss://localhost:5173/' failed: Error in connection establishment: net::ERR_CONNECTION_REFUSED @ https://localhost:5173/@vite/client:1034
[ 2704386ms] [ERROR] WebSocket connection to 'wss://localhost:5173/' failed: Error in connection establishment: net::ERR_CONNECTION_REFUSED @ https://localhost:5173/@vite/client:1034
[ 2709554ms] [ERROR] WebSocket connection to 'wss://localhost:5173/' failed: Error in connection establishment: net::ERR_CONNECTION_REFUSED @ https://localhost:5173/@vite/client:1034
[ 2713149ms] [ERROR] WebSocket connection to 'wss://localhost:5173/' failed: Error in connection establishment: net::ERR_CONNECTION_REFUSED @ https://localhost:5173/@vite/client:1034
[ 2718465ms] [ERROR] WebSocket connection to 'wss://localhost:5173/' failed: Error in connection establishment: net::ERR_CONNECTION_REFUSED @ https://localhost:5173/@vite/client:1034
[ 2722395ms] [ERROR] WebSocket connection to 'wss://localhost:5173/' failed: Error in connection establishment: net::ERR_CONNECTION_REFUSED @ https://localhost:5173/@vite/client:1034
[ 2724564ms] [ERROR] WebSocket connection to 'wss://localhost:5173/' failed: Error in connection establishment: net::ERR_CONNECTION_REFUSED @ https://localhost:5173/@vite/client:1034
[ 2729264ms] [ERROR] WebSocket connection to 'wss://localhost:5173/' failed: Error in connection establishment: net::ERR_CONNECTION_REFUSED @ https://localhost:5173/@vite/client:1034
[ 2734051ms] [ERROR] WebSocket connection to 'wss://localhost:5173/' failed: Error in connection establishment: net::ERR_CONNECTION_REFUSED @ https://localhost:5173/@vite/client:1034
[ 2736238ms] [ERROR] WebSocket connection to 'wss://localhost:5173/' failed: Error in connection establishment: net::ERR_CONNECTION_REFUSED @ https://localhost:5173/@vite/client:1034
[ 2738709ms] [ERROR] WebSocket connection to 'wss://localhost:5173/' failed: Error in connection establishment: net::ERR_CONNECTION_REFUSED @ https://localhost:5173/@vite/client:1034
[ 2741349ms] [ERROR] WebSocket connection to 'wss://localhost:5173/' failed: Error in connection establishment: net::ERR_CONNECTION_REFUSED @ https://localhost:5173/@vite/client:1034
[ 2745365ms] [ERROR] WebSocket connection to 'wss://localhost:5173/' failed: Error in connection establishment: net::ERR_CONNECTION_REFUSED @ https://localhost:5173/@vite/client:1034
[ 2750953ms] [ERROR] WebSocket connection to 'wss://localhost:5173/' failed: Error in connection establishment: net::ERR_CONNECTION_REFUSED @ https://localhost:5173/@vite/client:1034
[ 2755794ms] [ERROR] WebSocket connection to 'wss://localhost:5173/' failed: Error in connection establishment: net::ERR_CONNECTION_REFUSED @ https://localhost:5173/@vite/client:1034
[ 2760041ms] [ERROR] WebSocket connection to 'wss://localhost:5173/' failed: Error in connection establishment: net::ERR_CONNECTION_REFUSED @ https://localhost:5173/@vite/client:1034
[ 2763670ms] [ERROR] WebSocket connection to 'wss://localhost:5173/' failed: Error in connection establishment: net::ERR_CONNECTION_REFUSED @ https://localhost:5173/@vite/client:1034
[ 2768501ms] [ERROR] WebSocket connection to 'wss://localhost:5173/' failed: Error in connection establishment: net::ERR_CONNECTION_REFUSED @ https://localhost:5173/@vite/client:1034
[ 2771899ms] [ERROR] WebSocket connection to 'wss://localhost:5173/' failed: Error in connection establishment: net::ERR_CONNECTION_REFUSED @ https://localhost:5173/@vite/client:1034
[ 2774179ms] [ERROR] WebSocket connection to 'wss://localhost:5173/' failed: Error in connection establishment: net::ERR_CONNECTION_REFUSED @ https://localhost:5173/@vite/client:1034
[ 2777540ms] [ERROR] WebSocket connection to 'wss://localhost:5173/' failed: Error in connection establishment: net::ERR_CONNECTION_REFUSED @ https://localhost:5173/@vite/client:1034
[ 2780212ms] [ERROR] WebSocket connection to 'wss://localhost:5173/' failed: Error in connection establishment: net::ERR_CONNECTION_REFUSED @ https://localhost:5173/@vite/client:1034
[ 2785665ms] [ERROR] WebSocket connection to 'wss://localhost:5173/' failed: Error in connection establishment: net::ERR_CONNECTION_REFUSED @ https://localhost:5173/@vite/client:1034
[ 2788051ms] [ERROR] WebSocket connection to 'wss://localhost:5173/' failed: Error in connection establishment: net::ERR_CONNECTION_REFUSED @ https://localhost:5173/@vite/client:1034
[ 2793647ms] [ERROR] WebSocket connection to 'wss://localhost:5173/' failed: Error in connection establishment: net::ERR_CONNECTION_REFUSED @ https://localhost:5173/@vite/client:1034
[ 2796765ms] [ERROR] WebSocket connection to 'wss://localhost:5173/' failed: Error in connection establishment: net::ERR_CONNECTION_REFUSED @ https://localhost:5173/@vite/client:1034
[ 2800078ms] [ERROR] WebSocket connection to 'wss://localhost:5173/' failed: Error in connection establishment: net::ERR_CONNECTION_REFUSED @ https://localhost:5173/@vite/client:1034
[ 2802192ms] [ERROR] WebSocket connection to 'wss://localhost:5173/' failed: Error in connection establishment: net::ERR_CONNECTION_REFUSED @ https://localhost:5173/@vite/client:1034
[ 2804493ms] [ERROR] WebSocket connection to 'wss://localhost:5173/' failed: Error in connection establishment: net::ERR_CONNECTION_REFUSED @ https://localhost:5173/@vite/client:1034
[ 2807896ms] [ERROR] WebSocket connection to 'wss://localhost:5173/' failed: Error in connection establishment: net::ERR_CONNECTION_REFUSED @ https://localhost:5173/@vite/client:1034
[ 2811872ms] [ERROR] WebSocket connection to 'wss://localhost:5173/' failed: Error in connection establishment: net::ERR_CONNECTION_REFUSED @ https://localhost:5173/@vite/client:1034
[ 2814008ms] [ERROR] WebSocket connection to 'wss://localhost:5173/' failed: Error in connection establishment: net::ERR_CONNECTION_REFUSED @ https://localhost:5173/@vite/client:1034
[ 2818589ms] [ERROR] WebSocket connection to 'wss://localhost:5173/' failed: Error in connection establishment: net::ERR_CONNECTION_REFUSED @ https://localhost:5173/@vite/client:1034
[ 2821910ms] [ERROR] WebSocket connection to 'wss://localhost:5173/' failed: Error in connection establishment: net::ERR_CONNECTION_REFUSED @ https://localhost:5173/@vite/client:1034
[ 2825375ms] [ERROR] WebSocket connection to 'wss://localhost:5173/' failed: Error in connection establishment: net::ERR_CONNECTION_REFUSED @ https://localhost:5173/@vite/client:1034
[ 2830367ms] [ERROR] WebSocket connection to 'wss://localhost:5173/' failed: Error in connection establishment: net::ERR_CONNECTION_REFUSED @ https://localhost:5173/@vite/client:1034
[ 2836285ms] [ERROR] WebSocket connection to 'wss://localhost:5173/' failed: Error in connection establishment: net::ERR_CONNECTION_REFUSED @ https://localhost:5173/@vite/client:1034
[ 2839589ms] [ERROR] WebSocket connection to 'wss://localhost:5173/' failed: Error in connection establishment: net::ERR_CONNECTION_REFUSED @ https://localhost:5173/@vite/client:1034
[ 2845195ms] [ERROR] WebSocket connection to 'wss://localhost:5173/' failed: Error in connection establishment: net::ERR_CONNECTION_REFUSED @ https://localhost:5173/@vite/client:1034
[ 2850902ms] [ERROR] WebSocket connection to 'wss://localhost:5173/' failed: Error in connection establishment: net::ERR_CONNECTION_REFUSED @ https://localhost:5173/@vite/client:1034
[ 2856355ms] [ERROR] WebSocket connection to 'wss://localhost:5173/' failed: Error in connection establishment: net::ERR_CONNECTION_REFUSED @ https://localhost:5173/@vite/client:1034
[ 2860992ms] [ERROR] WebSocket connection to 'wss://localhost:5173/' failed: Error in connection establishment: net::ERR_CONNECTION_REFUSED @ https://localhost:5173/@vite/client:1034
[ 2865283ms] [ERROR] WebSocket connection to 'wss://localhost:5173/' failed: Error in connection establishment: net::ERR_CONNECTION_REFUSED @ https://localhost:5173/@vite/client:1034
[ 2869049ms] [ERROR] WebSocket connection to 'wss://localhost:5173/' failed: Error in connection establishment: net::ERR_CONNECTION_REFUSED @ https://localhost:5173/@vite/client:1034
[ 2872216ms] [ERROR] WebSocket connection to 'wss://localhost:5173/' failed: Error in connection establishment: net::ERR_CONNECTION_REFUSED @ https://localhost:5173/@vite/client:1034
[ 2877180ms] [ERROR] WebSocket connection to 'wss://localhost:5173/' failed: Error in connection establishment: net::ERR_CONNECTION_REFUSED @ https://localhost:5173/@vite/client:1034
[ 2882866ms] [ERROR] WebSocket connection to 'wss://localhost:5173/' failed: Error in connection establishment: net::ERR_CONNECTION_REFUSED @ https://localhost:5173/@vite/client:1034
[ 2886570ms] [ERROR] WebSocket connection to 'wss://localhost:5173/' failed: Error in connection establishment: net::ERR_CONNECTION_REFUSED @ https://localhost:5173/@vite/client:1034
[ 2892336ms] [ERROR] WebSocket connection to 'wss://localhost:5173/' failed: Error in connection establishment: net::ERR_CONNECTION_REFUSED @ https://localhost:5173/@vite/client:1034
[ 2897283ms] [ERROR] WebSocket connection to 'wss://localhost:5173/' failed: Error in connection establishment: net::ERR_CONNECTION_REFUSED @ https://localhost:5173/@vite/client:1034
[ 2900200ms] [ERROR] WebSocket connection to 'wss://localhost:5173/' failed: Error in connection establishment: net::ERR_CONNECTION_REFUSED @ https://localhost:5173/@vite/client:1034
[ 2902518ms] [ERROR] WebSocket connection to 'wss://localhost:5173/' failed: Error in connection establishment: net::ERR_CONNECTION_REFUSED @ https://localhost:5173/@vite/client:1034
[ 2905590ms] [ERROR] WebSocket connection to 'wss://localhost:5173/' failed: Error in connection establishment: net::ERR_CONNECTION_REFUSED @ https://localhost:5173/@vite/client:1034
[ 2911165ms] [ERROR] WebSocket connection to 'wss://localhost:5173/' failed: Error in connection establishment: net::ERR_CONNECTION_REFUSED @ https://localhost:5173/@vite/client:1034
[ 2914744ms] [ERROR] WebSocket connection to 'wss://localhost:5173/' failed: Error in connection establishment: net::ERR_CONNECTION_REFUSED @ https://localhost:5173/@vite/client:1034
[ 2918136ms] [ERROR] WebSocket connection to 'wss://localhost:5173/' failed: Error in connection establishment: net::ERR_CONNECTION_REFUSED @ https://localhost:5173/@vite/client:1034
[ 2921732ms] [ERROR] WebSocket connection to 'wss://localhost:5173/' failed: Error in connection establishment: net::ERR_CONNECTION_REFUSED @ https://localhost:5173/@vite/client:1034
[ 2924818ms] [ERROR] WebSocket connection to 'wss://localhost:5173/' failed: Error in connection establishment: net::ERR_CONNECTION_REFUSED @ https://localhost:5173/@vite/client:1034
[ 2929721ms] [ERROR] WebSocket connection to 'wss://localhost:5173/' failed: Error in connection establishment: net::ERR_CONNECTION_REFUSED @ https://localhost:5173/@vite/client:1034
[ 2935018ms] [ERROR] WebSocket connection to 'wss://localhost:5173/' failed: Error in connection establishment: net::ERR_CONNECTION_REFUSED @ https://localhost:5173/@vite/client:1034
[ 2939121ms] [ERROR] WebSocket connection to 'wss://localhost:5173/' failed: Error in connection establishment: net::ERR_CONNECTION_REFUSED @ https://localhost:5173/@vite/client:1034
[ 2944297ms] [ERROR] WebSocket connection to 'wss://localhost:5173/' failed: Error in connection establishment: net::ERR_CONNECTION_REFUSED @ https://localhost:5173/@vite/client:1034
[ 2947938ms] [ERROR] WebSocket connection to 'wss://localhost:5173/' failed: Error in connection establishment: net::ERR_CONNECTION_REFUSED @ https://localhost:5173/@vite/client:1034
[ 2951283ms] [ERROR] WebSocket connection to 'wss://localhost:5173/' failed: Error in connection establishment: net::ERR_CONNECTION_REFUSED @ https://localhost:5173/@vite/client:1034
[ 2955773ms] [ERROR] WebSocket connection to 'wss://localhost:5173/' failed: Error in connection establishment: net::ERR_CONNECTION_REFUSED @ https://localhost:5173/@vite/client:1034
[ 2960587ms] [ERROR] WebSocket connection to 'wss://localhost:5173/' failed: Error in connection establishment: net::ERR_CONNECTION_REFUSED @ https://localhost:5173/@vite/client:1034
[ 2965223ms] [ERROR] WebSocket connection to 'wss://localhost:5173/' failed: Error in connection establishment: net::ERR_CONNECTION_REFUSED @ https://localhost:5173/@vite/client:1034
[ 2970466ms] [ERROR] WebSocket connection to 'wss://localhost:5173/' failed: Error in connection establishment: net::ERR_CONNECTION_REFUSED @ https://localhost:5173/@vite/client:1034
[ 2975949ms] [ERROR] WebSocket connection to 'wss://localhost:5173/' failed: Error in connection establishment: net::ERR_CONNECTION_REFUSED @ https://localhost:5173/@vite/client:1034
[ 2979279ms] [ERROR] WebSocket connection to 'wss://localhost:5173/' failed: Error in connection establishment: net::ERR_CONNECTION_REFUSED @ https://localhost:5173/@vite/client:1034
[ 2982301ms] [ERROR] WebSocket connection to 'wss://localhost:5173/' failed: Error in connection establishment: net::ERR_CONNECTION_REFUSED @ https://localhost:5173/@vite/client:1034
[ 2986264ms] [ERROR] WebSocket connection to 'wss://localhost:5173/' failed: Error in connection establishment: net::ERR_CONNECTION_REFUSED @ https://localhost:5173/@vite/client:1034
[ 2988378ms] [ERROR] WebSocket connection to 'wss://localhost:5173/' failed: Error in connection establishment: net::ERR_CONNECTION_REFUSED @ https://localhost:5173/@vite/client:1034
[ 2992505ms] [ERROR] WebSocket connection to 'wss://localhost:5173/' failed: Error in connection establishment: net::ERR_CONNECTION_REFUSED @ https://localhost:5173/@vite/client:1034
[ 2995545ms] [ERROR] WebSocket connection to 'wss://localhost:5173/' failed: Error in connection establishment: net::ERR_CONNECTION_REFUSED @ https://localhost:5173/@vite/client:1034
[ 2998036ms] [ERROR] WebSocket connection to 'wss://localhost:5173/' failed: Error in connection establishment: net::ERR_CONNECTION_REFUSED @ https://localhost:5173/@vite/client:1034
[ 3001924ms] [ERROR] WebSocket connection to 'wss://localhost:5173/' failed: Error in connection establishment: net::ERR_CONNECTION_REFUSED @ https://localhost:5173/@vite/client:1034
[ 3007470ms] [ERROR] WebSocket connection to 'wss://localhost:5173/' failed: Error in connection establishment: net::ERR_CONNECTION_REFUSED @ https://localhost:5173/@vite/client:1034
[ 3011005ms] [ERROR] WebSocket connection to 'wss://localhost:5173/' failed: Error in connection establishment: net::ERR_CONNECTION_REFUSED @ https://localhost:5173/@vite/client:1034
[ 3016581ms] [ERROR] WebSocket connection to 'wss://localhost:5173/' failed: Error in connection establishment: net::ERR_CONNECTION_REFUSED @ https://localhost:5173/@vite/client:1034
[ 3018940ms] [ERROR] WebSocket connection to 'wss://localhost:5173/' failed: Error in connection establishment: net::ERR_CONNECTION_REFUSED @ https://localhost:5173/@vite/client:1034
[ 3023534ms] [ERROR] WebSocket connection to 'wss://localhost:5173/' failed: Error in connection establishment: net::ERR_CONNECTION_REFUSED @ https://localhost:5173/@vite/client:1034
[ 3028391ms] [ERROR] WebSocket connection to 'wss://localhost:5173/' failed: Error in connection establishment: net::ERR_CONNECTION_REFUSED @ https://localhost:5173/@vite/client:1034
[ 3032572ms] [ERROR] WebSocket connection to 'wss://localhost:5173/' failed: Error in connection establishment: net::ERR_CONNECTION_REFUSED @ https://localhost:5173/@vite/client:1034
[ 3036735ms] [ERROR] WebSocket connection to 'wss://localhost:5173/' failed: Error in connection establishment: net::ERR_CONNECTION_REFUSED @ https://localhost:5173/@vite/client:1034
[ 3038882ms] [ERROR] WebSocket connection to 'wss://localhost:5173/' failed: Error in connection establishment: net::ERR_CONNECTION_REFUSED @ https://localhost:5173/@vite/client:1034
[ 3041754ms] [ERROR] WebSocket connection to 'wss://localhost:5173/' failed: Error in connection establishment: net::ERR_CONNECTION_REFUSED @ https://localhost:5173/@vite/client:1034
[ 3045659ms] [ERROR] WebSocket connection to 'wss://localhost:5173/' failed: Error in connection establishment: net::ERR_CONNECTION_REFUSED @ https://localhost:5173/@vite/client:1034
[ 3050624ms] [ERROR] WebSocket connection to 'wss://localhost:5173/' failed: Error in connection establishment: net::ERR_CONNECTION_REFUSED @ https://localhost:5173/@vite/client:1034
[ 3054981ms] [ERROR] WebSocket connection to 'wss://localhost:5173/' failed: Error in connection establishment: net::ERR_CONNECTION_REFUSED @ https://localhost:5173/@vite/client:1034
[ 3060009ms] [ERROR] WebSocket connection to 'wss://localhost:5173/' failed: Error in connection establishment: net::ERR_CONNECTION_REFUSED @ https://localhost:5173/@vite/client:1034
[ 3064269ms] [ERROR] WebSocket connection to 'wss://localhost:5173/' failed: Error in connection establishment: net::ERR_CONNECTION_REFUSED @ https://localhost:5173/@vite/client:1034
[ 3069930ms] [ERROR] WebSocket connection to 'wss://localhost:5173/' failed: Error in connection establishment: net::ERR_CONNECTION_REFUSED @ https://localhost:5173/@vite/client:1034
[ 3075309ms] [ERROR] WebSocket connection to 'wss://localhost:5173/' failed: Error in connection establishment: net::ERR_CONNECTION_REFUSED @ https://localhost:5173/@vite/client:1034
[ 3077962ms] [ERROR] WebSocket connection to 'wss://localhost:5173/' failed: Error in connection establishment: net::ERR_CONNECTION_REFUSED @ https://localhost:5173/@vite/client:1034
[ 3083725ms] [ERROR] WebSocket connection to 'wss://localhost:5173/' failed: Error in connection establishment: net::ERR_CONNECTION_REFUSED @ https://localhost:5173/@vite/client:1034
[ 3088543ms] [ERROR] WebSocket connection to 'wss://localhost:5173/' failed: Error in connection establishment: net::ERR_CONNECTION_REFUSED @ https://localhost:5173/@vite/client:1034
[ 3091885ms] [ERROR] WebSocket connection to 'wss://localhost:5173/' failed: Error in connection establishment: net::ERR_CONNECTION_REFUSED @ https://localhost:5173/@vite/client:1034
[ 3094277ms] [ERROR] WebSocket connection to 'wss://localhost:5173/' failed: Error in connection establishment: net::ERR_CONNECTION_REFUSED @ https://localhost:5173/@vite/client:1034
[ 3097493ms] [ERROR] WebSocket connection to 'wss://localhost:5173/' failed: Error in connection establishment: net::ERR_CONNECTION_REFUSED @ https://localhost:5173/@vite/client:1034
[ 3099619ms] [ERROR] WebSocket connection to 'wss://localhost:5173/' failed: Error in connection establishment: net::ERR_CONNECTION_REFUSED @ https://localhost:5173/@vite/client:1034
[ 3104561ms] [ERROR] WebSocket connection to 'wss://localhost:5173/' failed: Error in connection establishment: net::ERR_CONNECTION_REFUSED @ https://localhost:5173/@vite/client:1034
[ 3108601ms] [ERROR] WebSocket connection to 'wss://localhost:5173/' failed: Error in connection establishment: net::ERR_CONNECTION_REFUSED @ https://localhost:5173/@vite/client:1034
[ 3113217ms] [ERROR] WebSocket connection to 'wss://localhost:5173/' failed: Error in connection establishment: net::ERR_CONNECTION_REFUSED @ https://localhost:5173/@vite/client:1034
[ 3118581ms] [ERROR] WebSocket connection to 'wss://localhost:5173/' failed: Error in connection establishment: net::ERR_CONNECTION_REFUSED @ https://localhost:5173/@vite/client:1034
[ 3123798ms] [ERROR] WebSocket connection to 'wss://localhost:5173/' failed: Error in connection establishment: net::ERR_CONNECTION_REFUSED @ https://localhost:5173/@vite/client:1034
[ 3126393ms] [ERROR] WebSocket connection to 'wss://localhost:5173/' failed: Error in connection establishment: net::ERR_CONNECTION_REFUSED @ https://localhost:5173/@vite/client:1034
[ 3130464ms] [ERROR] WebSocket connection to 'wss://localhost:5173/' failed: Error in connection establishment: net::ERR_CONNECTION_REFUSED @ https://localhost:5173/@vite/client:1034
[ 3133461ms] [ERROR] WebSocket connection to 'wss://localhost:5173/' failed: Error in connection establishment: net::ERR_CONNECTION_REFUSED @ https://localhost:5173/@vite/client:1034
[ 3137061ms] [ERROR] WebSocket connection to 'wss://localhost:5173/' failed: Error in connection establishment: net::ERR_CONNECTION_REFUSED @ https://localhost:5173/@vite/client:1034
[ 3142968ms] [ERROR] WebSocket connection to 'wss://localhost:5173/' failed: Error in connection establishment: net::ERR_CONNECTION_REFUSED @ https://localhost:5173/@vite/client:1034
[ 3146802ms] [ERROR] WebSocket connection to 'wss://localhost:5173/' failed: Error in connection establishment: net::ERR_CONNECTION_REFUSED @ https://localhost:5173/@vite/client:1034
[ 3150348ms] [ERROR] WebSocket connection to 'wss://localhost:5173/' failed: Error in connection establishment: net::ERR_CONNECTION_REFUSED @ https://localhost:5173/@vite/client:1034
[ 3153562ms] [ERROR] WebSocket connection to 'wss://localhost:5173/' failed: Error in connection establishment: net::ERR_CONNECTION_REFUSED @ https://localhost:5173/@vite/client:1034
[ 3156207ms] [ERROR] WebSocket connection to 'wss://localhost:5173/' failed: Error in connection establishment: net::ERR_CONNECTION_REFUSED @ https://localhost:5173/@vite/client:1034
[ 3160349ms] [ERROR] WebSocket connection to 'wss://localhost:5173/' failed: Error in connection establishment: net::ERR_CONNECTION_REFUSED @ https://localhost:5173/@vite/client:1034
[ 3162997ms] [ERROR] WebSocket connection to 'wss://localhost:5173/' failed: Error in connection establishment: net::ERR_CONNECTION_REFUSED @ https://localhost:5173/@vite/client:1034
[ 3167587ms] [ERROR] WebSocket connection to 'wss://localhost:5173/' failed: Error in connection establishment: net::ERR_CONNECTION_REFUSED @ https://localhost:5173/@vite/client:1034
[ 3170759ms] [ERROR] WebSocket connection to 'wss://localhost:5173/' failed: Error in connection establishment: net::ERR_CONNECTION_REFUSED @ https://localhost:5173/@vite/client:1034
[ 3172900ms] [ERROR] WebSocket connection to 'wss://localhost:5173/' failed: Error in connection establishment: net::ERR_CONNECTION_REFUSED @ https://localhost:5173/@vite/client:1034
[ 3175646ms] [ERROR] WebSocket connection to 'wss://localhost:5173/' failed: Error in connection establishment: net::ERR_CONNECTION_REFUSED @ https://localhost:5173/@vite/client:1034
[ 3181058ms] [ERROR] WebSocket connection to 'wss://localhost:5173/' failed: Error in connection establishment: net::ERR_CONNECTION_REFUSED @ https://localhost:5173/@vite/client:1034
[ 3186891ms] [ERROR] WebSocket connection to 'wss://localhost:5173/' failed: Error in connection establishment: net::ERR_CONNECTION_REFUSED @ https://localhost:5173/@vite/client:1034
[ 3189851ms] [ERROR] WebSocket connection to 'wss://localhost:5173/' failed: Error in connection establishment: net::ERR_CONNECTION_REFUSED @ https://localhost:5173/@vite/client:1034
[ 3195888ms] [ERROR] WebSocket connection to 'wss://localhost:5173/' failed: Error in connection establishment: net::ERR_CONNECTION_REFUSED @ https://localhost:5173/@vite/client:1034
[ 3199179ms] [ERROR] WebSocket connection to 'wss://localhost:5173/' failed: Error in connection establishment: net::ERR_CONNECTION_REFUSED @ https://localhost:5173/@vite/client:1034
[ 3204016ms] [ERROR] WebSocket connection to 'wss://localhost:5173/' failed: Error in connection establishment: net::ERR_CONNECTION_REFUSED @ https://localhost:5173/@vite/client:1034
[ 3207041ms] [ERROR] WebSocket connection to 'wss://localhost:5173/' failed: Error in connection establishment: net::ERR_CONNECTION_REFUSED @ https://localhost:5173/@vite/client:1034
[ 3210051ms] [ERROR] WebSocket connection to 'wss://localhost:5173/' failed: Error in connection establishment: net::ERR_CONNECTION_REFUSED @ https://localhost:5173/@vite/client:1034
[ 3213307ms] [ERROR] WebSocket connection to 'wss://localhost:5173/' failed: Error in connection establishment: net::ERR_CONNECTION_REFUSED @ https://localhost:5173/@vite/client:1034
[ 3215596ms] [ERROR] WebSocket connection to 'wss://localhost:5173/' failed: Error in connection establishment: net::ERR_CONNECTION_REFUSED @ https://localhost:5173/@vite/client:1034
[ 3216649ms] [ERROR] WebSocket connection to 'wss://localhost:5173/' failed: Error in connection establishment: net::ERR_CONNECTION_REFUSED @ https://localhost:5173/@vite/client:1034
[ 3217705ms] [ERROR] WebSocket connection to 'wss://localhost:5173/' failed: Error in connection establishment: net::ERR_CONNECTION_REFUSED @ https://localhost:5173/@vite/client:1034
[ 3218766ms] [ERROR] WebSocket connection to 'wss://localhost:5173/' failed: Error in connection establishment: net::ERR_CONNECTION_REFUSED @ https://localhost:5173/@vite/client:1034
[ 3219826ms] [ERROR] WebSocket connection to 'wss://localhost:5173/' failed: Error in connection establishment: net::ERR_CONNECTION_REFUSED @ https://localhost:5173/@vite/client:1034
[ 3220888ms] [ERROR] WebSocket connection to 'wss://localhost:5173/' failed: Error in connection establishment: net::ERR_CONNECTION_REFUSED @ https://localhost:5173/@vite/client:1034
[ 3221939ms] [ERROR] WebSocket connection to 'wss://localhost:5173/' failed: Error in connection establishment: net::ERR_CONNECTION_REFUSED @ https://localhost:5173/@vite/client:1034
[ 3223013ms] [ERROR] WebSocket connection to 'wss://localhost:5173/' failed: Error in connection establishment: net::ERR_CONNECTION_REFUSED @ https://localhost:5173/@vite/client:1034
[ 3224092ms] [ERROR] WebSocket connection to 'wss://localhost:5173/' failed: Error in connection establishment: net::ERR_CONNECTION_REFUSED @ https://localhost:5173/@vite/client:1034
[ 3225149ms] [ERROR] WebSocket connection to 'wss://localhost:5173/' failed: Error in connection establishment: net::ERR_CONNECTION_REFUSED @ https://localhost:5173/@vite/client:1034
[ 3226231ms] [ERROR] WebSocket connection to 'wss://localhost:5173/' failed: Error in connection establishment: net::ERR_CONNECTION_REFUSED @ https://localhost:5173/@vite/client:1034
[ 3227298ms] [ERROR] WebSocket connection to 'wss://localhost:5173/' failed: Error in connection establishment: net::ERR_CONNECTION_REFUSED @ https://localhost:5173/@vite/client:1034
[ 3228630ms] [ERROR] WebSocket connection to 'wss://localhost:5173/' failed: Error in connection establishment: net::ERR_CONNECTION_REFUSED @ https://localhost:5173/@vite/client:1034
[ 3229815ms] [ERROR] WebSocket connection to 'wss://localhost:5173/' failed: Error in connection establishment: net::ERR_CONNECTION_REFUSED @ https://localhost:5173/@vite/client:1034
[ 3231629ms] [ERROR] WebSocket connection to 'wss://localhost:5173/' failed: Error in connection establishment: net::ERR_CONNECTION_REFUSED @ https://localhost:5173/@vite/client:1034
[ 3234325ms] [ERROR] WebSocket connection to 'wss://localhost:5173/' failed: Error in connection establishment: net::ERR_CONNECTION_REFUSED @ https://localhost:5173/@vite/client:1034
[ 3240344ms] [ERROR] WebSocket connection to 'wss://localhost:5173/' failed: Error in connection establishment: net::ERR_CONNECTION_REFUSED @ https://localhost:5173/@vite/client:1034
[ 3244185ms] [ERROR] WebSocket connection to 'wss://localhost:5173/' failed: Error in connection establishment: net::ERR_CONNECTION_REFUSED @ https://localhost:5173/@vite/client:1034
[ 3248105ms] [ERROR] WebSocket connection to 'wss://localhost:5173/' failed: Error in connection establishment: net::ERR_CONNECTION_REFUSED @ https://localhost:5173/@vite/client:1034
[ 3252137ms] [ERROR] WebSocket connection to 'wss://localhost:5173/' failed: Error in connection establishment: net::ERR_CONNECTION_REFUSED @ https://localhost:5173/@vite/client:1034
[ 3255130ms] [ERROR] WebSocket connection to 'wss://localhost:5173/' failed: Error in connection establishment: net::ERR_CONNECTION_REFUSED @ https://localhost:5173/@vite/client:1034
[ 3258666ms] [ERROR] WebSocket connection to 'wss://localhost:5173/' failed: Error in connection establishment: net::ERR_CONNECTION_REFUSED @ https://localhost:5173/@vite/client:1034
[ 3264285ms] [ERROR] WebSocket connection to 'wss://localhost:5173/' failed: Error in connection establishment: net::ERR_CONNECTION_REFUSED @ https://localhost:5173/@vite/client:1034
[ 3269782ms] [ERROR] WebSocket connection to 'wss://localhost:5173/' failed: Error in connection establishment: net::ERR_CONNECTION_REFUSED @ https://localhost:5173/@vite/client:1034
[ 3274907ms] [ERROR] WebSocket connection to 'wss://localhost:5173/' failed: Error in connection establishment: net::ERR_CONNECTION_REFUSED @ https://localhost:5173/@vite/client:1034
[ 3277193ms] [ERROR] WebSocket connection to 'wss://localhost:5173/' failed: Error in connection establishment: net::ERR_CONNECTION_REFUSED @ https://localhost:5173/@vite/client:1034
[ 3282091ms] [ERROR] WebSocket connection to 'wss://localhost:5173/' failed: Error in connection establishment: net::ERR_CONNECTION_REFUSED @ https://localhost:5173/@vite/client:1034
[ 3284236ms] [ERROR] WebSocket connection to 'wss://localhost:5173/' failed: Error in connection establishment: net::ERR_CONNECTION_REFUSED @ https://localhost:5173/@vite/client:1034
[ 3289263ms] [ERROR] WebSocket connection to 'wss://localhost:5173/' failed: Error in connection establishment: net::ERR_CONNECTION_REFUSED @ https://localhost:5173/@vite/client:1034
[ 3291691ms] [ERROR] WebSocket connection to 'wss://localhost:5173/' failed: Error in connection establishment: net::ERR_CONNECTION_REFUSED @ https://localhost:5173/@vite/client:1034
[ 3295361ms] [ERROR] WebSocket connection to 'wss://localhost:5173/' failed: Error in connection establishment: net::ERR_CONNECTION_REFUSED @ https://localhost:5173/@vite/client:1034
[ 3297766ms] [ERROR] WebSocket connection to 'wss://localhost:5173/' failed: Error in connection establishment: net::ERR_CONNECTION_REFUSED @ https://localhost:5173/@vite/client:1034
[ 3303173ms] [ERROR] WebSocket connection to 'wss://localhost:5173/' failed: Error in connection establishment: net::ERR_CONNECTION_REFUSED @ https://localhost:5173/@vite/client:1034
[ 3309128ms] [ERROR] WebSocket connection to 'wss://localhost:5173/' failed: Error in connection establishment: net::ERR_CONNECTION_REFUSED @ https://localhost:5173/@vite/client:1034
[ 3312777ms] [ERROR] WebSocket connection to 'wss://localhost:5173/' failed: Error in connection establishment: net::ERR_CONNECTION_REFUSED @ https://localhost:5173/@vite/client:1034
[ 3315892ms] [ERROR] WebSocket connection to 'wss://localhost:5173/' failed: Error in connection establishment: net::ERR_CONNECTION_REFUSED @ https://localhost:5173/@vite/client:1034
[ 3319015ms] [ERROR] WebSocket connection to 'wss://localhost:5173/' failed: Error in connection establishment: net::ERR_CONNECTION_REFUSED @ https://localhost:5173/@vite/client:1034
[ 3322744ms] [ERROR] WebSocket connection to 'wss://localhost:5173/' failed: Error in connection establishment: net::ERR_CONNECTION_REFUSED @ https://localhost:5173/@vite/client:1034
[ 3328129ms] [ERROR] WebSocket connection to 'wss://localhost:5173/' failed: Error in connection establishment: net::ERR_CONNECTION_REFUSED @ https://localhost:5173/@vite/client:1034
[ 3330991ms] [ERROR] WebSocket connection to 'wss://localhost:5173/' failed: Error in connection establishment: net::ERR_CONNECTION_REFUSED @ https://localhost:5173/@vite/client:1034
[ 3335603ms] [ERROR] WebSocket connection to 'wss://localhost:5173/' failed: Error in connection establishment: net::ERR_CONNECTION_REFUSED @ https://localhost:5173/@vite/client:1034
[ 3341479ms] [ERROR] WebSocket connection to 'wss://localhost:5173/' failed: Error in connection establishment: net::ERR_CONNECTION_REFUSED @ https://localhost:5173/@vite/client:1034
[ 3347487ms] [ERROR] WebSocket connection to 'wss://localhost:5173/' failed: Error in connection establishment: net::ERR_CONNECTION_REFUSED @ https://localhost:5173/@vite/client:1034
[ 3353289ms] [ERROR] WebSocket connection to 'wss://localhost:5173/' failed: Error in connection establishment: net::ERR_CONNECTION_REFUSED @ https://localhost:5173/@vite/client:1034
[ 3359031ms] [ERROR] WebSocket connection to 'wss://localhost:5173/' failed: Error in connection establishment: net::ERR_CONNECTION_REFUSED @ https://localhost:5173/@vite/client:1034
[ 3363244ms] [ERROR] WebSocket connection to 'wss://localhost:5173/' failed: Error in connection establishment: net::ERR_CONNECTION_REFUSED @ https://localhost:5173/@vite/client:1034
[ 3366379ms] [ERROR] WebSocket connection to 'wss://localhost:5173/' failed: Error in connection establishment: net::ERR_CONNECTION_REFUSED @ https://localhost:5173/@vite/client:1034
[ 3369536ms] [ERROR] WebSocket connection to 'wss://localhost:5173/' failed: Error in connection establishment: net::ERR_CONNECTION_REFUSED @ https://localhost:5173/@vite/client:1034
[ 3371858ms] [ERROR] WebSocket connection to 'wss://localhost:5173/' failed: Error in connection establishment: net::ERR_CONNECTION_REFUSED @ https://localhost:5173/@vite/client:1034
[ 3377413ms] [ERROR] WebSocket connection to 'wss://localhost:5173/' failed: Error in connection establishment: net::ERR_CONNECTION_REFUSED @ https://localhost:5173/@vite/client:1034
[ 3383246ms] [ERROR] WebSocket connection to 'wss://localhost:5173/' failed: Error in connection establishment: net::ERR_CONNECTION_REFUSED @ https://localhost:5173/@vite/client:1034
[ 3387118ms] [ERROR] WebSocket connection to 'wss://localhost:5173/' failed: Error in connection establishment: net::ERR_CONNECTION_REFUSED @ https://localhost:5173/@vite/client:1034
[ 3393067ms] [ERROR] WebSocket connection to 'wss://localhost:5173/' failed: Error in connection establishment: net::ERR_CONNECTION_REFUSED @ https://localhost:5173/@vite/client:1034
[ 3397237ms] [ERROR] WebSocket connection to 'wss://localhost:5173/' failed: Error in connection establishment: net::ERR_CONNECTION_REFUSED @ https://localhost:5173/@vite/client:1034
[ 3399666ms] [ERROR] WebSocket connection to 'wss://localhost:5173/' failed: Error in connection establishment: net::ERR_CONNECTION_REFUSED @ https://localhost:5173/@vite/client:1034
[ 3405056ms] [ERROR] WebSocket connection to 'wss://localhost:5173/' failed: Error in connection establishment: net::ERR_CONNECTION_REFUSED @ https://localhost:5173/@vite/client:1034
[ 3407943ms] [ERROR] WebSocket connection to 'wss://localhost:5173/' failed: Error in connection establishment: net::ERR_CONNECTION_REFUSED @ https://localhost:5173/@vite/client:1034
[ 3410214ms] [ERROR] WebSocket connection to 'wss://localhost:5173/' failed: Error in connection establishment: net::ERR_CONNECTION_REFUSED @ https://localhost:5173/@vite/client:1034
[ 3413884ms] [ERROR] WebSocket connection to 'wss://localhost:5173/' failed: Error in connection establishment: net::ERR_CONNECTION_REFUSED @ https://localhost:5173/@vite/client:1034
[ 3419407ms] [ERROR] WebSocket connection to 'wss://localhost:5173/' failed: Error in connection establishment: net::ERR_CONNECTION_REFUSED @ https://localhost:5173/@vite/client:1034
[ 3422179ms] [ERROR] WebSocket connection to 'wss://localhost:5173/' failed: Error in connection establishment: net::ERR_CONNECTION_REFUSED @ https://localhost:5173/@vite/client:1034
[ 3427389ms] [ERROR] WebSocket connection to 'wss://localhost:5173/' failed: Error in connection establishment: net::ERR_CONNECTION_REFUSED @ https://localhost:5173/@vite/client:1034
[ 3430951ms] [ERROR] WebSocket connection to 'wss://localhost:5173/' failed: Error in connection establishment: net::ERR_CONNECTION_REFUSED @ https://localhost:5173/@vite/client:1034
[ 3433943ms] [ERROR] WebSocket connection to 'wss://localhost:5173/' failed: Error in connection establishment: net::ERR_CONNECTION_REFUSED @ https://localhost:5173/@vite/client:1034
[ 3438453ms] [ERROR] WebSocket connection to 'wss://localhost:5173/' failed: Error in connection establishment: net::ERR_CONNECTION_REFUSED @ https://localhost:5173/@vite/client:1034
[ 3441415ms] [ERROR] WebSocket connection to 'wss://localhost:5173/' failed: Error in connection establishment: net::ERR_CONNECTION_REFUSED @ https://localhost:5173/@vite/client:1034
[ 3445434ms] [ERROR] WebSocket connection to 'wss://localhost:5173/' failed: Error in connection establishment: net::ERR_CONNECTION_REFUSED @ https://localhost:5173/@vite/client:1034
[ 3449905ms] [ERROR] WebSocket connection to 'wss://localhost:5173/' failed: Error in connection establishment: net::ERR_CONNECTION_REFUSED @ https://localhost:5173/@vite/client:1034
[ 3455499ms] [ERROR] WebSocket connection to 'wss://localhost:5173/' failed: Error in connection establishment: net::ERR_CONNECTION_REFUSED @ https://localhost:5173/@vite/client:1034
[ 3460656ms] [ERROR] WebSocket connection to 'wss://localhost:5173/' failed: Error in connection establishment: net::ERR_CONNECTION_REFUSED @ https://localhost:5173/@vite/client:1034
[ 3464056ms] [ERROR] WebSocket connection to 'wss://localhost:5173/' failed: Error in connection establishment: net::ERR_CONNECTION_REFUSED @ https://localhost:5173/@vite/client:1034
[ 3466515ms] [ERROR] WebSocket connection to 'wss://localhost:5173/' failed: Error in connection establishment: net::ERR_CONNECTION_REFUSED @ https://localhost:5173/@vite/client:1034
[ 3471710ms] [ERROR] WebSocket connection to 'wss://localhost:5173/' failed: Error in connection establishment: net::ERR_CONNECTION_REFUSED @ https://localhost:5173/@vite/client:1034
[ 3474464ms] [ERROR] WebSocket connection to 'wss://localhost:5173/' failed: Error in connection establishment: net::ERR_CONNECTION_REFUSED @ https://localhost:5173/@vite/client:1034
[ 3476870ms] [ERROR] WebSocket connection to 'wss://localhost:5173/' failed: Error in connection establishment: net::ERR_CONNECTION_REFUSED @ https://localhost:5173/@vite/client:1034
[ 3482605ms] [ERROR] WebSocket connection to 'wss://localhost:5173/' failed: Error in connection establishment: net::ERR_CONNECTION_REFUSED @ https://localhost:5173/@vite/client:1034
[ 3488053ms] [ERROR] WebSocket connection to 'wss://localhost:5173/' failed: Error in connection establishment: net::ERR_CONNECTION_REFUSED @ https://localhost:5173/@vite/client:1034
[ 3490566ms] [ERROR] WebSocket connection to 'wss://localhost:5173/' failed: Error in connection establishment: net::ERR_CONNECTION_REFUSED @ https://localhost:5173/@vite/client:1034
[ 3495869ms] [ERROR] WebSocket connection to 'wss://localhost:5173/' failed: Error in connection establishment: net::ERR_CONNECTION_REFUSED @ https://localhost:5173/@vite/client:1034
[ 3499311ms] [ERROR] WebSocket connection to 'wss://localhost:5173/' failed: Error in connection establishment: net::ERR_CONNECTION_REFUSED @ https://localhost:5173/@vite/client:1034
[ 3502195ms] [ERROR] WebSocket connection to 'wss://localhost:5173/' failed: Error in connection establishment: net::ERR_CONNECTION_REFUSED @ https://localhost:5173/@vite/client:1034
[ 3507167ms] [ERROR] WebSocket connection to 'wss://localhost:5173/' failed: Error in connection establishment: net::ERR_CONNECTION_REFUSED @ https://localhost:5173/@vite/client:1034
[ 3509791ms] [ERROR] WebSocket connection to 'wss://localhost:5173/' failed: Error in connection establishment: net::ERR_CONNECTION_REFUSED @ https://localhost:5173/@vite/client:1034
[ 3515521ms] [ERROR] WebSocket connection to 'wss://localhost:5173/' failed: Error in connection establishment: net::ERR_CONNECTION_REFUSED @ https://localhost:5173/@vite/client:1034
[ 3520900ms] [ERROR] WebSocket connection to 'wss://localhost:5173/' failed: Error in connection establishment: net::ERR_CONNECTION_REFUSED @ https://localhost:5173/@vite/client:1034
[ 3524738ms] [ERROR] WebSocket connection to 'wss://localhost:5173/' failed: Error in connection establishment: net::ERR_CONNECTION_REFUSED @ https://localhost:5173/@vite/client:1034
[ 3527640ms] [ERROR] WebSocket connection to 'wss://localhost:5173/' failed: Error in connection establishment: net::ERR_CONNECTION_REFUSED @ https://localhost:5173/@vite/client:1034
[ 3529686ms] [ERROR] WebSocket connection to 'wss://localhost:5173/' failed: Error in connection establishment: net::ERR_CONNECTION_REFUSED @ https://localhost:5173/@vite/client:1034
[ 3531903ms] [ERROR] WebSocket connection to 'wss://localhost:5173/' failed: Error in connection establishment: net::ERR_CONNECTION_REFUSED @ https://localhost:5173/@vite/client:1034
[ 3537523ms] [ERROR] WebSocket connection to 'wss://localhost:5173/' failed: Error in connection establishment: net::ERR_CONNECTION_REFUSED @ https://localhost:5173/@vite/client:1034
[ 3542329ms] [ERROR] WebSocket connection to 'wss://localhost:5173/' failed: Error in connection establishment: net::ERR_CONNECTION_REFUSED @ https://localhost:5173/@vite/client:1034
[ 3548247ms] [ERROR] WebSocket connection to 'wss://localhost:5173/' failed: Error in connection establishment: net::ERR_CONNECTION_REFUSED @ https://localhost:5173/@vite/client:1034
[ 3550660ms] [ERROR] WebSocket connection to 'wss://localhost:5173/' failed: Error in connection establishment: net::ERR_CONNECTION_REFUSED @ https://localhost:5173/@vite/client:1034
[ 3554661ms] [ERROR] WebSocket connection to 'wss://localhost:5173/' failed: Error in connection establishment: net::ERR_CONNECTION_REFUSED @ https://localhost:5173/@vite/client:1034
[ 3558666ms] [ERROR] WebSocket connection to 'wss://localhost:5173/' failed: Error in connection establishment: net::ERR_CONNECTION_REFUSED @ https://localhost:5173/@vite/client:1034
[ 3563569ms] [ERROR] WebSocket connection to 'wss://localhost:5173/' failed: Error in connection establishment: net::ERR_CONNECTION_REFUSED @ https://localhost:5173/@vite/client:1034
[ 3566372ms] [ERROR] WebSocket connection to 'wss://localhost:5173/' failed: Error in connection establishment: net::ERR_CONNECTION_REFUSED @ https://localhost:5173/@vite/client:1034
[ 3568820ms] [ERROR] WebSocket connection to 'wss://localhost:5173/' failed: Error in connection establishment: net::ERR_CONNECTION_REFUSED @ https://localhost:5173/@vite/client:1034
[ 3572015ms] [ERROR] WebSocket connection to 'wss://localhost:5173/' failed: Error in connection establishment: net::ERR_CONNECTION_REFUSED @ https://localhost:5173/@vite/client:1034
[ 3575863ms] [ERROR] WebSocket connection to 'wss://localhost:5173/' failed: Error in connection establishment: net::ERR_CONNECTION_REFUSED @ https://localhost:5173/@vite/client:1034
[ 3576866ms] [ERROR] WebSocket connection to 'wss://localhost:5173/' failed: Error in connection establishment: net::ERR_CONNECTION_REFUSED @ https://localhost:5173/@vite/client:1034
[ 3577875ms] [ERROR] WebSocket connection to 'wss://localhost:5173/' failed: Error in connection establishment: net::ERR_CONNECTION_REFUSED @ https://localhost:5173/@vite/client:1034
[ 3578881ms] [ERROR] WebSocket connection to 'wss://localhost:5173/' failed: Error in connection establishment: net::ERR_CONNECTION_REFUSED @ https://localhost:5173/@vite/client:1034
[ 3579960ms] [ERROR] WebSocket connection to 'wss://localhost:5173/' failed: Error in connection establishment: net::ERR_CONNECTION_REFUSED @ https://localhost:5173/@vite/client:1034
[ 3580974ms] [ERROR] WebSocket connection to 'wss://localhost:5173/' failed: Error in connection establishment: net::ERR_CONNECTION_REFUSED @ https://localhost:5173/@vite/client:1034
[ 3581980ms] [ERROR] WebSocket connection to 'wss://localhost:5173/' failed: Error in connection establishment: net::ERR_CONNECTION_REFUSED @ https://localhost:5173/@vite/client:1034
[ 3582989ms] [ERROR] WebSocket connection to 'wss://localhost:5173/' failed: Error in connection establishment: net::ERR_CONNECTION_REFUSED @ https://localhost:5173/@vite/client:1034
[ 3583999ms] [ERROR] WebSocket connection to 'wss://localhost:5173/' failed: Error in connection establishment: net::ERR_CONNECTION_REFUSED @ https://localhost:5173/@vite/client:1034
[ 3585027ms] [ERROR] WebSocket connection to 'wss://localhost:5173/' failed: Error in connection establishment: net::ERR_CONNECTION_REFUSED @ https://localhost:5173/@vite/client:1034
[ 3586061ms] [ERROR] WebSocket connection to 'wss://localhost:5173/' failed: Error in connection establishment: net::ERR_CONNECTION_REFUSED @ https://localhost:5173/@vite/client:1034
[ 3587181ms] [ERROR] WebSocket connection to 'wss://localhost:5173/' failed: Error in connection establishment: net::ERR_CONNECTION_REFUSED @ https://localhost:5173/@vite/client:1034
[ 3588268ms] [ERROR] WebSocket connection to 'wss://localhost:5173/' failed: Error in connection establishment: net::ERR_CONNECTION_REFUSED @ https://localhost:5173/@vite/client:1034
[ 3589781ms] [ERROR] WebSocket connection to 'wss://localhost:5173/' failed: Error in connection establishment: net::ERR_CONNECTION_REFUSED @ https://localhost:5173/@vite/client:1034
[ 3591537ms] [ERROR] WebSocket connection to 'wss://localhost:5173/' failed: Error in connection establishment: net::ERR_CONNECTION_REFUSED @ https://localhost:5173/@vite/client:1034
[ 3594277ms] [ERROR] WebSocket connection to 'wss://localhost:5173/' failed: Error in connection establishment: net::ERR_CONNECTION_REFUSED @ https://localhost:5173/@vite/client:1034
[ 3596762ms] [ERROR] WebSocket connection to 'wss://localhost:5173/' failed: Error in connection establishment: net::ERR_CONNECTION_REFUSED @ https://localhost:5173/@vite/client:1034
[ 3598991ms] [ERROR] WebSocket connection to 'wss://localhost:5173/' failed: Error in connection establishment: net::ERR_CONNECTION_REFUSED @ https://localhost:5173/@vite/client:1034
[ 3602867ms] [ERROR] WebSocket connection to 'wss://localhost:5173/' failed: Error in connection establishment: net::ERR_CONNECTION_REFUSED @ https://localhost:5173/@vite/client:1034
[ 3605496ms] [ERROR] WebSocket connection to 'wss://localhost:5173/' failed: Error in connection establishment: net::ERR_CONNECTION_REFUSED @ https://localhost:5173/@vite/client:1034
[ 3609955ms] [ERROR] WebSocket connection to 'wss://localhost:5173/' failed: Error in connection establishment: net::ERR_CONNECTION_REFUSED @ https://localhost:5173/@vite/client:1034
[ 3613013ms] [ERROR] WebSocket connection to 'wss://localhost:5173/' failed: Error in connection establishment: net::ERR_CONNECTION_REFUSED @ https://localhost:5173/@vite/client:1034
[ 3617171ms] [ERROR] WebSocket connection to 'wss://localhost:5173/' failed: Error in connection establishment: net::ERR_CONNECTION_REFUSED @ https://localhost:5173/@vite/client:1034
[ 3620860ms] [ERROR] WebSocket connection to 'wss://localhost:5173/' failed: Error in connection establishment: net::ERR_CONNECTION_REFUSED @ https://localhost:5173/@vite/client:1034
[ 3626666ms] [ERROR] WebSocket connection to 'wss://localhost:5173/' failed: Error in connection establishment: net::ERR_CONNECTION_REFUSED @ https://localhost:5173/@vite/client:1034
[ 3631510ms] [ERROR] WebSocket connection to 'wss://localhost:5173/' failed: Error in connection establishment: net::ERR_CONNECTION_REFUSED @ https://localhost:5173/@vite/client:1034
[ 3634674ms] [ERROR] WebSocket connection to 'wss://localhost:5173/' failed: Error in connection establishment: net::ERR_CONNECTION_REFUSED @ https://localhost:5173/@vite/client:1034
[ 3636756ms] [ERROR] WebSocket connection to 'wss://localhost:5173/' failed: Error in connection establishment: net::ERR_CONNECTION_REFUSED @ https://localhost:5173/@vite/client:1034
[ 3641582ms] [ERROR] WebSocket connection to 'wss://localhost:5173/' failed: Error in connection establishment: net::ERR_CONNECTION_REFUSED @ https://localhost:5173/@vite/client:1034
[ 3645102ms] [ERROR] WebSocket connection to 'wss://localhost:5173/' failed: Error in connection establishment: net::ERR_CONNECTION_REFUSED @ https://localhost:5173/@vite/client:1034
[ 3650350ms] [ERROR] WebSocket connection to 'wss://localhost:5173/' failed: Error in connection establishment: net::ERR_CONNECTION_REFUSED @ https://localhost:5173/@vite/client:1034
[ 3654736ms] [ERROR] WebSocket connection to 'wss://localhost:5173/' failed: Error in connection establishment: net::ERR_CONNECTION_REFUSED @ https://localhost:5173/@vite/client:1034
[ 3659400ms] [ERROR] WebSocket connection to 'wss://localhost:5173/' failed: Error in connection establishment: net::ERR_CONNECTION_REFUSED @ https://localhost:5173/@vite/client:1034
[ 3664539ms] [ERROR] WebSocket connection to 'wss://localhost:5173/' failed: Error in connection establishment: net::ERR_CONNECTION_REFUSED @ https://localhost:5173/@vite/client:1034
[ 3667586ms] [ERROR] WebSocket connection to 'wss://localhost:5173/' failed: Error in connection establishment: net::ERR_CONNECTION_REFUSED @ https://localhost:5173/@vite/client:1034
[ 3673523ms] [ERROR] WebSocket connection to 'wss://localhost:5173/' failed: Error in connection establishment: net::ERR_CONNECTION_REFUSED @ https://localhost:5173/@vite/client:1034
[ 3678618ms] [ERROR] WebSocket connection to 'wss://localhost:5173/' failed: Error in connection establishment: net::ERR_CONNECTION_REFUSED @ https://localhost:5173/@vite/client:1034
[ 3682905ms] [ERROR] WebSocket connection to 'wss://localhost:5173/' failed: Error in connection establishment: net::ERR_CONNECTION_REFUSED @ https://localhost:5173/@vite/client:1034
[ 3687245ms] [ERROR] WebSocket connection to 'wss://localhost:5173/' failed: Error in connection establishment: net::ERR_CONNECTION_REFUSED @ https://localhost:5173/@vite/client:1034
[ 3690464ms] [ERROR] WebSocket connection to 'wss://localhost:5173/' failed: Error in connection establishment: net::ERR_CONNECTION_REFUSED @ https://localhost:5173/@vite/client:1034
[ 3696397ms] [ERROR] WebSocket connection to 'wss://localhost:5173/' failed: Error in connection establishment: net::ERR_CONNECTION_REFUSED @ https://localhost:5173/@vite/client:1034
[ 3697400ms] [ERROR] WebSocket connection to 'wss://localhost:5173/' failed: Error in connection establishment: net::ERR_CONNECTION_REFUSED @ https://localhost:5173/@vite/client:1034
[ 3698403ms] [ERROR] WebSocket connection to 'wss://localhost:5173/' failed: Error in connection establishment: net::ERR_CONNECTION_REFUSED @ https://localhost:5173/@vite/client:1034
[ 3699409ms] [ERROR] WebSocket connection to 'wss://localhost:5173/' failed: Error in connection establishment: net::ERR_CONNECTION_REFUSED @ https://localhost:5173/@vite/client:1034
[ 3700412ms] [ERROR] WebSocket connection to 'wss://localhost:5173/' failed: Error in connection establishment: net::ERR_CONNECTION_REFUSED @ https://localhost:5173/@vite/client:1034
[ 3701415ms] [ERROR] WebSocket connection to 'wss://localhost:5173/' failed: Error in connection establishment: net::ERR_CONNECTION_REFUSED @ https://localhost:5173/@vite/client:1034
[ 3702419ms] [ERROR] WebSocket connection to 'wss://localhost:5173/' failed: Error in connection establishment: net::ERR_CONNECTION_REFUSED @ https://localhost:5173/@vite/client:1034
[ 3703435ms] [ERROR] WebSocket connection to 'wss://localhost:5173/' failed: Error in connection establishment: net::ERR_CONNECTION_REFUSED @ https://localhost:5173/@vite/client:1034
[ 3704446ms] [ERROR] WebSocket connection to 'wss://localhost:5173/' failed: Error in connection establishment: net::ERR_CONNECTION_REFUSED @ https://localhost:5173/@vite/client:1034
[ 3705459ms] [ERROR] WebSocket connection to 'wss://localhost:5173/' failed: Error in connection establishment: net::ERR_CONNECTION_REFUSED @ https://localhost:5173/@vite/client:1034
[ 3706494ms] [ERROR] WebSocket connection to 'wss://localhost:5173/' failed: Error in connection establishment: net::ERR_CONNECTION_REFUSED @ https://localhost:5173/@vite/client:1034
[ 3707653ms] [ERROR] WebSocket connection to 'wss://localhost:5173/' failed: Error in connection establishment: net::ERR_CONNECTION_REFUSED @ https://localhost:5173/@vite/client:1034
[ 3708829ms] [ERROR] WebSocket connection to 'wss://localhost:5173/' failed: Error in connection establishment: net::ERR_CONNECTION_REFUSED @ https://localhost:5173/@vite/client:1034
[ 3709982ms] [ERROR] WebSocket connection to 'wss://localhost:5173/' failed: Error in connection establishment: net::ERR_CONNECTION_REFUSED @ https://localhost:5173/@vite/client:1034
[ 3712130ms] [ERROR] WebSocket connection to 'wss://localhost:5173/' failed: Error in connection establishment: net::ERR_CONNECTION_REFUSED @ https://localhost:5173/@vite/client:1034
[ 3715142ms] [ERROR] WebSocket connection to 'wss://localhost:5173/' failed: Error in connection establishment: net::ERR_CONNECTION_REFUSED @ https://localhost:5173/@vite/client:1034
[ 3720911ms] [ERROR] WebSocket connection to 'wss://localhost:5173/' failed: Error in connection establishment: net::ERR_CONNECTION_REFUSED @ https://localhost:5173/@vite/client:1034
[ 3725672ms] [ERROR] WebSocket connection to 'wss://localhost:5173/' failed: Error in connection establishment: net::ERR_CONNECTION_REFUSED @ https://localhost:5173/@vite/client:1034
[ 3730952ms] [ERROR] WebSocket connection to 'wss://localhost:5173/' failed: Error in connection establishment: net::ERR_CONNECTION_REFUSED @ https://localhost:5173/@vite/client:1034
[ 3734161ms] [ERROR] WebSocket connection to 'wss://localhost:5173/' failed: Error in connection establishment: net::ERR_CONNECTION_REFUSED @ https://localhost:5173/@vite/client:1034
[ 3739980ms] [ERROR] WebSocket connection to 'wss://localhost:5173/' failed: Error in connection establishment: net::ERR_CONNECTION_REFUSED @ https://localhost:5173/@vite/client:1034
[ 3745116ms] [ERROR] WebSocket connection to 'wss://localhost:5173/' failed: Error in connection establishment: net::ERR_CONNECTION_REFUSED @ https://localhost:5173/@vite/client:1034
[ 3747404ms] [ERROR] WebSocket connection to 'wss://localhost:5173/' failed: Error in connection establishment: net::ERR_CONNECTION_REFUSED @ https://localhost:5173/@vite/client:1034
[ 3751438ms] [ERROR] WebSocket connection to 'wss://localhost:5173/' failed: Error in connection establishment: net::ERR_CONNECTION_REFUSED @ https://localhost:5173/@vite/client:1034
[ 3756662ms] [ERROR] WebSocket connection to 'wss://localhost:5173/' failed: Error in connection establishment: net::ERR_CONNECTION_REFUSED @ https://localhost:5173/@vite/client:1034
[ 3760636ms] [ERROR] WebSocket connection to 'wss://localhost:5173/' failed: Error in connection establishment: net::ERR_CONNECTION_REFUSED @ https://localhost:5173/@vite/client:1034
[ 3763107ms] [ERROR] WebSocket connection to 'wss://localhost:5173/' failed: Error in connection establishment: net::ERR_CONNECTION_REFUSED @ https://localhost:5173/@vite/client:1034
[ 3767848ms] [ERROR] WebSocket connection to 'wss://localhost:5173/' failed: Error in connection establishment: net::ERR_CONNECTION_REFUSED @ https://localhost:5173/@vite/client:1034
[ 3773330ms] [ERROR] WebSocket connection to 'wss://localhost:5173/' failed: Error in connection establishment: net::ERR_CONNECTION_REFUSED @ https://localhost:5173/@vite/client:1034
[ 3775533ms] [ERROR] WebSocket connection to 'wss://localhost:5173/' failed: Error in connection establishment: net::ERR_CONNECTION_REFUSED @ https://localhost:5173/@vite/client:1034
[ 3781440ms] [ERROR] WebSocket connection to 'wss://localhost:5173/' failed: Error in connection establishment: net::ERR_CONNECTION_REFUSED @ https://localhost:5173/@vite/client:1034
[ 3786665ms] [ERROR] WebSocket connection to 'wss://localhost:5173/' failed: Error in connection establishment: net::ERR_CONNECTION_REFUSED @ https://localhost:5173/@vite/client:1034
[ 3788875ms] [ERROR] WebSocket connection to 'wss://localhost:5173/' failed: Error in connection establishment: net::ERR_CONNECTION_REFUSED @ https://localhost:5173/@vite/client:1034
[ 3794468ms] [ERROR] WebSocket connection to 'wss://localhost:5173/' failed: Error in connection establishment: net::ERR_CONNECTION_REFUSED @ https://localhost:5173/@vite/client:1034
[ 3797699ms] [ERROR] WebSocket connection to 'wss://localhost:5173/' failed: Error in connection establishment: net::ERR_CONNECTION_REFUSED @ https://localhost:5173/@vite/client:1034
[ 3803637ms] [ERROR] WebSocket connection to 'wss://localhost:5173/' failed: Error in connection establishment: net::ERR_CONNECTION_REFUSED @ https://localhost:5173/@vite/client:1034
